-- MySQL dump 10.13  Distrib 8.0.38, for Win64 (x86_64)
--
-- Host: localhost    Database: onlineshop
-- ------------------------------------------------------
-- Server version	8.0.37

/*!40101 SET @OLD_CHARACTER_SET_CLIENT=@@CHARACTER_SET_CLIENT */;
/*!40101 SET @OLD_CHARACTER_SET_RESULTS=@@CHARACTER_SET_RESULTS */;
/*!40101 SET @OLD_COLLATION_CONNECTION=@@COLLATION_CONNECTION */;
/*!50503 SET NAMES utf8 */;
/*!40103 SET @OLD_TIME_ZONE=@@TIME_ZONE */;
/*!40103 SET TIME_ZONE='+00:00' */;
/*!40014 SET @OLD_UNIQUE_CHECKS=@@UNIQUE_CHECKS, UNIQUE_CHECKS=0 */;
/*!40014 SET @OLD_FOREIGN_KEY_CHECKS=@@FOREIGN_KEY_CHECKS, FOREIGN_KEY_CHECKS=0 */;
/*!40101 SET @OLD_SQL_MODE=@@SQL_MODE, SQL_MODE='NO_AUTO_VALUE_ON_ZERO' */;
/*!40111 SET @OLD_SQL_NOTES=@@SQL_NOTES, SQL_NOTES=0 */;

--
-- Table structure for table `brands`
--

DROP TABLE IF EXISTS `brands`;
/*!40101 SET @saved_cs_client     = @@character_set_client */;
/*!50503 SET character_set_client = utf8mb4 */;
CREATE TABLE `brands` (
  `brand_id` int NOT NULL AUTO_INCREMENT,
  `name` varchar(100) NOT NULL,
  `status` enum('active','inactive','old') DEFAULT 'active',
  PRIMARY KEY (`brand_id`),
  UNIQUE KEY `name` (`name`)
) ENGINE=InnoDB AUTO_INCREMENT=11 DEFAULT CHARSET=utf8mb4 COLLATE=utf8mb4_0900_ai_ci;
/*!40101 SET character_set_client = @saved_cs_client */;

--
-- Dumping data for table `brands`
--

LOCK TABLES `brands` WRITE;
/*!40000 ALTER TABLE `brands` DISABLE KEYS */;
INSERT INTO `brands` VALUES (1,'Samsung','active'),(2,'Apple','inactive'),(3,'Sony','active'),(4,'Nike','active'),(5,'Adidas','active'),(6,'Puma','old'),(7,'LG','active'),(8,'Panasonic','old'),(9,'Lenovo','inactive'),(10,'Dell','old');
/*!40000 ALTER TABLE `brands` ENABLE KEYS */;
UNLOCK TABLES;

--
-- Table structure for table `cartitems`
--

DROP TABLE IF EXISTS `cartitems`;
/*!40101 SET @saved_cs_client     = @@character_set_client */;
/*!50503 SET character_set_client = utf8mb4 */;
CREATE TABLE `cartitems` (
  `cart_item_id` int NOT NULL AUTO_INCREMENT,
  `cart_id` int DEFAULT NULL,
  `product_id` int DEFAULT NULL,
  `quantity` int NOT NULL,
  PRIMARY KEY (`cart_item_id`),
  KEY `cart_id` (`cart_id`),
  KEY `product_id` (`product_id`),
  CONSTRAINT `cartitems_ibfk_1` FOREIGN KEY (`cart_id`) REFERENCES `shoppingcart` (`cart_id`),
  CONSTRAINT `cartitems_ibfk_2` FOREIGN KEY (`product_id`) REFERENCES `products` (`product_id`)
) ENGINE=InnoDB AUTO_INCREMENT=101 DEFAULT CHARSET=utf8mb4 COLLATE=utf8mb4_0900_ai_ci;
/*!40101 SET character_set_client = @saved_cs_client */;

--
-- Dumping data for table `cartitems`
--

LOCK TABLES `cartitems` WRITE;
/*!40000 ALTER TABLE `cartitems` DISABLE KEYS */;
INSERT INTO `cartitems` VALUES (1,5,56,2),(2,29,47,4),(3,24,90,5),(4,40,19,3),(5,35,66,3),(6,31,99,1),(7,20,85,3),(8,18,10,1),(9,31,61,4),(10,31,52,1),(11,36,3,5),(12,31,22,4),(13,13,60,5),(14,2,100,3),(15,40,83,2),(16,7,87,3),(17,46,51,2),(18,25,1,5),(19,34,79,3),(20,34,97,1),(21,41,68,1),(22,20,23,3),(23,2,53,3),(24,34,84,4),(25,18,97,3),(26,43,49,1),(27,28,33,1),(28,2,7,2),(29,4,70,5),(30,29,56,2),(31,47,6,3),(32,2,63,4),(33,4,90,1),(34,43,17,5),(35,9,19,2),(36,10,27,1),(37,7,60,5),(38,20,74,1),(39,39,62,2),(40,8,47,4),(41,7,42,2),(42,13,74,3),(43,38,42,4),(44,30,50,4),(45,40,43,4),(46,44,90,4),(47,49,93,2),(48,38,41,3),(49,7,79,2),(50,32,60,4),(51,11,50,4),(52,13,16,4),(53,30,22,1),(54,16,35,2),(55,2,29,1),(56,38,54,1),(57,27,80,3),(58,7,87,2),(59,44,3,1),(60,23,86,2),(61,47,76,3),(62,30,63,4),(63,18,75,2),(64,11,22,4),(65,21,27,5),(66,43,9,4),(67,33,76,5),(68,44,62,1),(69,28,22,3),(70,49,2,1),(71,36,58,1),(72,42,86,4),(73,35,53,5),(74,28,21,2),(75,33,44,1),(76,10,100,1),(77,31,17,1),(78,39,50,4),(79,14,46,3),(80,34,47,4),(81,27,96,5),(82,38,71,5),(83,35,60,5),(84,6,56,4),(85,33,43,1),(86,44,27,3),(87,34,67,3),(88,1,46,1),(89,36,54,5),(90,40,79,4),(91,48,40,1),(92,39,11,4),(93,28,80,1),(94,5,22,4),(95,15,94,1),(96,48,77,1),(97,4,16,3),(98,8,15,1),(99,49,91,3),(100,12,53,5);
/*!40000 ALTER TABLE `cartitems` ENABLE KEYS */;
UNLOCK TABLES;

--
-- Table structure for table `categories`
--

DROP TABLE IF EXISTS `categories`;
/*!40101 SET @saved_cs_client     = @@character_set_client */;
/*!50503 SET character_set_client = utf8mb4 */;
CREATE TABLE `categories` (
  `category_id` int NOT NULL AUTO_INCREMENT,
  `name` varchar(100) NOT NULL,
  PRIMARY KEY (`category_id`),
  UNIQUE KEY `name` (`name`)
) ENGINE=InnoDB AUTO_INCREMENT=11 DEFAULT CHARSET=utf8mb4 COLLATE=utf8mb4_0900_ai_ci;
/*!40101 SET character_set_client = @saved_cs_client */;

--
-- Dumping data for table `categories`
--

LOCK TABLES `categories` WRITE;
/*!40000 ALTER TABLE `categories` DISABLE KEYS */;
INSERT INTO `categories` VALUES (9,'Automotive'),(7,'Beauty'),(3,'Books'),(2,'Clothing'),(1,'Electronics'),(5,'Food'),(10,'Health'),(6,'Home Appliances'),(8,'Sports'),(4,'Toys');
/*!40000 ALTER TABLE `categories` ENABLE KEYS */;
UNLOCK TABLES;

--
-- Table structure for table `comments`
--

DROP TABLE IF EXISTS `comments`;
/*!40101 SET @saved_cs_client     = @@character_set_client */;
/*!50503 SET character_set_client = utf8mb4 */;
CREATE TABLE `comments` (
  `comment_id` int NOT NULL AUTO_INCREMENT,
  `product_id` int DEFAULT NULL,
  `user_id` int DEFAULT NULL,
  `comment` text NOT NULL,
  `comment_date` timestamp NULL DEFAULT CURRENT_TIMESTAMP,
  `status` enum('approved','inappropriate') DEFAULT 'approved',
  `moderated_by` int DEFAULT NULL,
  PRIMARY KEY (`comment_id`),
  KEY `product_id` (`product_id`),
  KEY `user_id` (`user_id`),
  KEY `moderated_by` (`moderated_by`),
  CONSTRAINT `comments_ibfk_1` FOREIGN KEY (`product_id`) REFERENCES `products` (`product_id`),
  CONSTRAINT `comments_ibfk_2` FOREIGN KEY (`user_id`) REFERENCES `users` (`user_id`),
  CONSTRAINT `comments_ibfk_3` FOREIGN KEY (`moderated_by`) REFERENCES `managers` (`manager_id`)
) ENGINE=InnoDB AUTO_INCREMENT=101 DEFAULT CHARSET=utf8mb4 COLLATE=utf8mb4_0900_ai_ci;
/*!40101 SET character_set_client = @saved_cs_client */;

--
-- Dumping data for table `comments`
--

LOCK TABLES `comments` WRITE;
/*!40000 ALTER TABLE `comments` DISABLE KEYS */;
INSERT INTO `comments` VALUES (1,46,79,'Tend message believe minute give. Reality worker case base pressure sea. Push bill read theory.\nAt represent final too. Other home kitchen.\nRespond five crime perhaps drive.','2024-07-05 19:06:51','approved',4),(2,80,9,'Certain wall authority value short help do. Language better blood need air. Many consumer write everybody.\nParticularly whose her window trade customer he model. Plan speech base democratic.','2024-07-05 19:06:51','approved',6),(3,100,5,'Politics lawyer behind table. City street study information happen senior. Certainly treatment order might most.','2024-07-05 19:06:51','inappropriate',10),(4,3,63,'No benefit goal assume answer. Suggest food our do newspaper.','2024-07-05 19:06:51','approved',7),(5,72,82,'Alone more reveal. Kitchen sport we do factor quality ok television.\nSimilar and father theory sell store. Clear political difficult draw some newspaper space. Either under it.','2024-07-05 19:06:51','approved',10),(6,47,64,'His seat wrong age president away sing. Feeling hour team deal indeed owner never. Rather north throughout air itself.','2024-07-05 19:06:51','approved',7),(7,14,7,'Resource resource edge future rule down. Month church keep they bad. Recent low best daughter wish consider. Heavy glass conference.','2024-07-05 19:06:51','approved',6),(8,49,84,'Various player night other. Design particular poor question girl.\nDecision according young level decision sister pattern. Green bill try campaign take amount. Table three structure much worry.','2024-07-05 19:06:51','inappropriate',9),(9,69,34,'Boy opportunity your interview concern. Leader attack travel watch health piece section police. Trial enough one purpose until sure.','2024-07-05 19:06:51','inappropriate',2),(10,42,100,'Of central central voice. Experience claim board production management against.\nExpert stock book result similar group court. Guess all trial various.','2024-07-05 19:06:51','inappropriate',7),(11,44,21,'Nation cold exist series. Since boy begin feeling garden different career. None nothing drive lead.\nCompare leg character central writer. Ability over whatever but base candidate language.','2024-07-05 19:06:51','approved',2),(12,24,1,'Join rock floor require fall ago budget food. Drive black none tough key good. Deep perhaps tonight establish start ask wear.','2024-07-05 19:06:51','inappropriate',1),(13,52,85,'Side section near decision. Reflect memory thus operation. Early live from top kind.\nYou amount collection entire door treatment. Price past model partner after. Short however newspaper news choice.','2024-07-05 19:06:51','inappropriate',9),(14,99,94,'International much store place lot. Performance organization then series event back create.\nThan find part interview those book.','2024-07-05 19:06:51','approved',6),(15,80,81,'Cultural study stock phone let could. Sure partner law address perhaps.\nLevel common both offer summer represent option. Between white evidence none. Window responsibility question your how star in.','2024-07-05 19:06:51','inappropriate',10),(16,39,31,'Society fill ahead through hand. Responsibility wonder plan physical style kind.','2024-07-05 19:06:51','approved',6),(17,96,85,'Number hour prove particularly. Plant adult clear respond red.','2024-07-05 19:06:51','approved',3),(18,57,68,'Likely hold front beautiful truth. Themselves board bill team we every man.','2024-07-05 19:06:51','inappropriate',2),(19,27,1,'Chance that full political garden whatever see. Safe also feeling professional despite pass.','2024-07-05 19:06:51','inappropriate',7),(20,29,64,'Radio smile military animal tough purpose. Majority hot picture need continue charge direction.\nLocal nation cut. Oil rate heart chair between instead.','2024-07-05 19:06:51','inappropriate',7),(21,34,66,'Trial evening project perform. Them increase game rate. Organization police evidence.\nThrough your argue successful care there thank. Enough late can image east board course forward.','2024-07-05 19:06:51','inappropriate',2),(22,80,92,'Particularly add majority travel. Turn experience arrive half. At citizen collection or.\nDecade wait green ago fund. Team anyone lose movie data occur. Smile pick expert. Concern walk pick teacher.','2024-07-05 19:06:51','approved',2),(23,58,56,'Least him without total nothing. Decade big cold born half speech or. Necessary throw statement charge. Heart success whole ready.','2024-07-05 19:06:51','inappropriate',8),(24,80,72,'About despite state notice machine response recognize.\nSummer many bill if good allow government. Feeling take within time this half involve.','2024-07-05 19:06:51','inappropriate',6),(25,85,40,'Few five service painting somebody. Bank interesting whose white would report often.\nLike market show office any truth require both.','2024-07-05 19:06:51','approved',4),(26,90,3,'Lose watch perform state push financial space week. Evidence particular pressure cause ok two.','2024-07-05 19:06:51','inappropriate',8),(27,97,33,'Manage kid own theory. Section away focus garden campaign rise. Four would chance life mouth. Agree serious production measure.','2024-07-05 19:06:51','approved',7),(28,48,63,'Name keep serious drive among trouble recognize see. Like whom before game never information pretty what.\nArm compare ball me. Type mind total someone heavy.\nWar provide yeah.','2024-07-05 19:06:51','approved',10),(29,9,48,'Late property report news. East building trouble particular such by.\nEffect discuss friend act all trial. Magazine serve thank try wife attorney beyond.','2024-07-05 19:06:51','inappropriate',7),(30,82,18,'As keep threat prevent keep. Available southern field.\nSimple magazine finish read. Soon including nature old. Keep campaign yourself summer light.','2024-07-05 19:06:51','approved',6),(31,92,98,'Star six follow suddenly per short. Down movie later. Heart leave north final four.\nGrowth somebody bring tax.','2024-07-05 19:06:51','inappropriate',1),(32,63,13,'Ready life majority ready effect majority. Never class own. Couple how popular.\nRight believe clear summer. Eye drug scene century eight property bank but.','2024-07-05 19:06:51','inappropriate',5),(33,31,13,'Laugh interesting hard home her nor. Student all approach institution. Others short think because.\nExperience role up management. Help training fear in live TV deep.','2024-07-05 19:06:51','inappropriate',4),(34,35,56,'Walk explain figure when sister race recent. Many north character have individual traditional other cup. Treat now parent could. Challenge long light pattern.','2024-07-05 19:06:51','inappropriate',2),(35,63,81,'Drive start total race win. Shoulder include decide second far left. Life grow really.\nService probably cost behind sign. Chair especially so old science.','2024-07-05 19:06:51','inappropriate',10),(36,99,98,'Society consumer office green they. Court majority respond its.\nPolicy have family way eight all music. Understand produce Democrat door reveal. Rise many film water.','2024-07-05 19:06:51','inappropriate',3),(37,22,49,'Hit rule require story. Ball involve better girl. Catch describe case production beautiful.\nRole beat although. Right life war order. Result poor rise feeling change.','2024-07-05 19:06:51','approved',6),(38,86,91,'Five store off never anyone point. Coach development create eat happy three although along.\nShake fight bad point not. Against name there think consumer.','2024-07-05 19:06:51','approved',1),(39,35,62,'Prove her accept capital. Than bed participant lose involve answer.\nLearn long some job such research majority. West million against minute size action. Already simple develop beat.','2024-07-05 19:06:51','inappropriate',10),(40,3,85,'Best remain your billion as represent. Herself matter citizen road speak word record.\nProcess office board argue. Up protect support race thing air. Leg will go myself.','2024-07-05 19:06:51','approved',2),(41,42,23,'Nor three shake executive run door.\nStaff high everyone relate worker short. Past send forward training yourself table.','2024-07-05 19:06:51','approved',10),(42,87,60,'For feel even wall occur. Process mean toward federal.\nOwn beat up chance. Pull week close side agree position.\nTask its never but ten. Politics wonder Republican machine per pressure.','2024-07-05 19:06:51','approved',3),(43,78,27,'Base onto lose her. Who himself those skill hospital mean. Card model past safe decide garden.\nWord whose difference house. Million marriage society.\nBest charge popular cover start it.','2024-07-05 19:06:51','inappropriate',6),(44,84,12,'Truth make better building degree business. Lose piece thank response physical trial. Indicate change program plant room ever power.','2024-07-05 19:06:51','approved',3),(45,17,47,'Example knowledge while public. Alone stage must run structure executive tonight some. Trial her which police your past provide.','2024-07-05 19:06:51','inappropriate',10),(46,73,67,'Environment forget everyone. Name crime thousand back woman kitchen station. Along later discover.\nService black usually ball. Eat morning he mouth.','2024-07-05 19:06:51','inappropriate',10),(47,81,76,'New memory born group idea. Eight option area color light.\nFirst fear cold human task. Cold official whatever win while.\nCollege season the strategy. Building response worry along.','2024-07-05 19:06:51','approved',9),(48,45,67,'Decide case low senior. Those follow should Congress increase defense short.\nBlack professional federal especially rule billion fine. Over hot guess tree.','2024-07-05 19:06:51','approved',1),(49,59,94,'Short know finish his. Project week all about simply.\nService great tend think ahead scene only. Month magazine identify where. One same oil talk measure.','2024-07-05 19:06:51','inappropriate',4),(50,67,43,'In must music treat. Must quickly decision industry bring her great.','2024-07-05 19:06:51','inappropriate',7),(51,38,86,'Instead employee international store. Since customer describe rich former throw cup.\nUp onto plan election front. Beyond measure perform during for floor bit. Any professional then lay decision.','2024-07-05 19:06:51','inappropriate',6),(52,51,38,'Mouth in wife market. Sense important second look. Language member picture like raise.','2024-07-05 19:06:51','inappropriate',2),(53,54,89,'Seek give plan say discussion energy. School offer amount young glass. Decide mother arrive. Art grow nearly financial cell.','2024-07-05 19:06:51','approved',6),(54,25,7,'Clearly analysis score name outside especially new. Movie his far your. Son nice later other peace language.','2024-07-05 19:06:51','inappropriate',4),(55,97,66,'Sit drive phone need level should. Foot or them just ground couple. Time up consumer.\nHerself say member long. Capital born with produce exactly go message woman. Into would happy me.','2024-07-05 19:06:51','approved',7),(56,13,43,'Similar house forward wonder. Everybody Congress own major beautiful each. Above if use employee we.\nFine daughter such week trial.\nAgree look nation community body. Because especially city science.','2024-07-05 19:06:51','approved',9),(57,44,88,'Institution up sure lot majority kid expert. Congress much tough break. Light business less near.\nPresent difficult worry news continue. One quite course wish possible.','2024-07-05 19:06:51','approved',9),(58,86,67,'Situation choose order voice before. Tonight miss middle everything. Use financial local improve record. Another send movement similar American carry yeah certainly.','2024-07-05 19:06:51','inappropriate',3),(59,76,52,'Style accept mouth. Trial western few who. Drive win training on.\nSet statement say me young item. Itself early west position center not out marriage.','2024-07-05 19:06:51','inappropriate',9),(60,79,4,'Today name treatment television. Glass try feeling ahead arrive maintain.\nProbably government lay while course avoid note. Expert despite person tonight majority impact daughter.','2024-07-05 19:06:51','inappropriate',2),(61,76,68,'Country drop dark loss result few civil size.\nBox performance court someone price foot. White people have.\nHim choice partner resource decade stop certain.','2024-07-05 19:06:51','approved',2),(62,35,12,'Discover south public per myself bar hope. Raise hair order much brother decade. Every wrong from common.\nStay since into that husband. Challenge book drug Congress international.','2024-07-05 19:06:51','inappropriate',10),(63,22,70,'War see left action fast painting concern face. Talk class service parent nation month. On among light worker stock ball near.','2024-07-05 19:06:51','approved',6),(64,44,91,'Simply education reveal news send. Short face cultural security never human. Appear happen month.','2024-07-05 19:06:51','inappropriate',2),(65,28,79,'Product science national like wall cost owner himself. Deal federal peace onto industry wife something. Prepare large tonight certainly very walk.','2024-07-05 19:06:51','approved',3),(66,81,71,'Network watch these month poor good. Number learn able world be deal analysis attack.\nOrganization nation resource. Maybe heavy house event step letter red. Voice cup majority song official building.','2024-07-05 19:06:51','inappropriate',8),(67,55,4,'Experience admit at foreign family want. Music agreement six perform do line.\nUse within score professional but. Certainly house five expert price fine. Trip position mother west trip arrive either.','2024-07-05 19:06:51','inappropriate',9),(68,92,95,'Clear think wall management writer. Too nothing Mrs describe responsibility bring oil.','2024-07-05 19:06:51','approved',7),(69,62,67,'State agency activity administration investment above. Be group ten movie test worry team.','2024-07-05 19:06:51','approved',4),(70,38,48,'Subject professional establish term. Paper reason professional certainly.\nWhose any anything case drug bag building voice. Magazine role bill.','2024-07-05 19:06:51','approved',5),(71,85,16,'Power large price. War role risk society sound bag. Care type bank theory skin.\nDeal now major light oil leave speech. Quality heavy decision provide thousand fund up.','2024-07-05 19:06:51','approved',3),(72,49,16,'Prevent water drive run body about song. Science career off.\nArrive fast remain hard institution continue. Painting customer marriage now majority. Ball bring offer child reason can evening.','2024-07-05 19:06:51','inappropriate',10),(73,71,47,'Away whose president build piece put figure. Turn image approach care until listen together reality.\nHelp near single soldier add. Bad use executive traditional that.','2024-07-05 19:06:51','approved',1),(74,57,2,'Box last hundred major. Late why town fall discussion. Beautiful nor garden number son eye college model.','2024-07-05 19:06:51','approved',10),(75,79,61,'North prevent phone describe least use. Interesting anyone increase summer serve economic. Mention final decade human at plan base then.','2024-07-05 19:06:51','approved',3),(76,71,44,'Brother first plan TV quite Mr. Industry customer better year speech forget yes.','2024-07-05 19:06:51','inappropriate',9),(77,97,12,'Movement page section set avoid. Claim find meet fight fight. Majority space doctor and.','2024-07-05 19:06:51','inappropriate',8),(78,27,62,'Begin this campaign peace house exactly worry. Open rule chair when us.\nVisit size feeling our science author end politics. Among language fine mother ago support.','2024-07-05 19:06:51','inappropriate',3),(79,34,29,'Wrong line media somebody hot collection. Forward entire sense. Travel his from dinner ago usually.\nBrother five east line go. Hold author level life doctor machine.','2024-07-05 19:06:51','approved',1),(80,73,88,'North animal reveal. Office research newspaper fine consumer shake government. Hair cause society mission minute live.\nSerious live individual time across. Network personal state whatever.','2024-07-05 19:06:51','approved',1),(81,51,7,'Heart radio western authority. Seat north hair stage they. Situation develop oil offer try.\nWant rich during significant own hot summer.','2024-07-05 19:06:51','approved',9),(82,91,69,'Full news billion program over. Thought personal still beautiful girl trial while. Stay during million television buy maybe movie walk.','2024-07-05 19:06:51','approved',9),(83,60,74,'Office happen himself husband evening news project. For receive win. Share less full popular sound heavy.\nEvent necessary with pay. But enjoy value final.','2024-07-05 19:06:51','inappropriate',4),(84,7,93,'East foreign international. None whatever event environmental point.\nThose deep model wind consider law financial. Boy move paper president national yet former. White series little nor husband.','2024-07-05 19:06:51','inappropriate',4),(85,33,8,'Anything agreement thousand scientist deep article mention. Short sell beautiful add simply away act.','2024-07-05 19:06:51','approved',10),(86,26,5,'Full second true market billion. Lose left note vote. Those major base have old catch.\nEnjoy no simple again glass. Professional far three place west television purpose instead.','2024-07-05 19:06:51','approved',8),(87,42,15,'Sign field citizen sell term to. Affect act nearly assume per.\nSea out oil civil other learn reach. Trip enter become house loss reality.','2024-07-05 19:06:51','inappropriate',4),(88,51,93,'Agent international yes every space discover. Wife other win say stage build couple picture. Bad owner whether almost wish feel.','2024-07-05 19:06:51','inappropriate',2),(89,78,23,'However science sign challenge about. Indeed economy food itself kind prepare tell hand. Four special leg statement service fight attention.','2024-07-05 19:06:51','inappropriate',2),(90,64,100,'Above much certainly maybe. Her only born.\nValue movement tend reason family team. Example tree our.\nAssume add tax majority see full. Arm since body fund.','2024-07-05 19:06:51','inappropriate',2),(91,84,56,'Grow possible other suggest. None daughter deal us laugh play.\nChallenge next value brother lay.\nFight sometimes statement policy cause. Suddenly million provide win loss.','2024-07-05 19:06:51','approved',6),(92,43,97,'Particularly table appear trial customer detail. Interest condition realize.','2024-07-05 19:06:51','inappropriate',10),(93,54,59,'Myself notice reflect challenge. Week page nor growth those suggest blue.','2024-07-05 19:06:51','inappropriate',7),(94,84,50,'Sense reflect detail. Including best value building. Probably increase visit total see bag.','2024-07-05 19:06:51','inappropriate',9),(95,2,55,'Believe new city loss feeling dream.\nSeveral girl travel approach travel doctor. Just we tree.\nMinute prepare certainly need share go. Property different pull box. Prove worker safe.','2024-07-05 19:06:51','approved',9),(96,53,76,'Stop group office. Their dark goal health brother. Figure collection size character place matter interesting short.','2024-07-05 19:06:51','approved',10),(97,33,86,'Property whatever situation question member development. Notice else ago follow. Director benefit radio go. Court seek majority against a receive crime.','2024-07-05 19:06:51','approved',4),(98,7,41,'Focus about state experience entire girl. Writer professor music list.\nAbove politics structure benefit young design. Away since though structure either.','2024-07-05 19:06:51','approved',2),(99,9,75,'Off say energy assume affect writer. Action drive seat hand lead.\nWater policy time she difficult foot image.','2024-07-05 19:06:51','inappropriate',2),(100,14,7,'Magazine degree try treatment skill kitchen window. Various eat station mouth production other. Upon meet place rock.','2024-07-05 19:06:51','inappropriate',5);
/*!40000 ALTER TABLE `comments` ENABLE KEYS */;
UNLOCK TABLES;

--
-- Table structure for table `discounts`
--

DROP TABLE IF EXISTS `discounts`;
/*!40101 SET @saved_cs_client     = @@character_set_client */;
/*!50503 SET character_set_client = utf8mb4 */;
CREATE TABLE `discounts` (
  `discount_id` int NOT NULL AUTO_INCREMENT,
  `name` varchar(100) NOT NULL,
  `description` text,
  `discount_percentage` decimal(5,2) NOT NULL,
  `start_date` date DEFAULT NULL,
  `end_date` date DEFAULT NULL,
  PRIMARY KEY (`discount_id`)
) ENGINE=InnoDB AUTO_INCREMENT=11 DEFAULT CHARSET=utf8mb4 COLLATE=utf8mb4_0900_ai_ci;
/*!40101 SET character_set_client = @saved_cs_client */;

--
-- Dumping data for table `discounts`
--

LOCK TABLES `discounts` WRITE;
/*!40000 ALTER TABLE `discounts` DISABLE KEYS */;
INSERT INTO `discounts` VALUES (1,'Step','Standard option organization growth. Reveal at remember so break dinner radio.\nDown miss radio scene machine. Remember table continue sure job large.\nAsk away effort debate. Fund save drive bed.',13.95,'2024-03-30','2024-04-24'),(2,'Style','Business upon result hour political. Them worker ground business manage return book many. Power kind respond research simple.\nTree government interest middle stage. Morning believe join central.',38.47,'2024-02-26','2024-03-29'),(3,'Health','Itself notice side activity accept get soldier. Population size new company sit daughter imagine music.\nLight threat without coach behind. Audience feeling manage across season including control.',43.14,'2023-11-04','2024-03-03'),(4,'Say','Case need short hotel. Million son lot. Medical hot dinner.\nBest argue east claim message. Probably page nearly power president. Service concern since organization agency.',17.89,'2023-07-21','2024-01-13'),(5,'Decide','Data join begin need argue. Fish commercial pretty arm left that fight. Instead its than break another seat land election.',48.88,'2024-01-10','2024-02-15'),(6,'Sit','Support simply majority fund majority stock east. Military person remain present station product official company. Address enjoy bill inside possible.',49.03,'2024-02-10','2024-04-30'),(7,'Ability','Catch whom fear race remember. Property already building church.\nSeason cause include our energy job what page. Today write stay Mrs network he necessary for.',47.33,'2023-10-12','2023-12-01'),(8,'Feeling','Soldier position early Mr personal smile south. Imagine page now only also treatment bill prevent.\nThere later face unit listen cup. Hard huge machine bank anyone.',25.83,'2024-05-14','2024-06-07'),(9,'Now','Feel visit deep approach. Foot me increase.\nNetwork onto send quality say per heart.\nMr lawyer score forward program later money. Statement political million dog protect gun beyond control.',30.28,'2023-09-24','2024-05-14'),(10,'Once','Husband have long decision letter writer may PM. Pretty off series Republican street. Case commercial claim kitchen movie.',46.67,'2024-03-18','2024-05-06');
/*!40000 ALTER TABLE `discounts` ENABLE KEYS */;
UNLOCK TABLES;

--
-- Table structure for table `managers`
--

DROP TABLE IF EXISTS `managers`;
/*!40101 SET @saved_cs_client     = @@character_set_client */;
/*!50503 SET character_set_client = utf8mb4 */;
CREATE TABLE `managers` (
  `manager_id` int NOT NULL AUTO_INCREMENT,
  `username` varchar(50) NOT NULL,
  `password` varchar(255) NOT NULL,
  `email` varchar(100) NOT NULL,
  `registration_date` timestamp NULL DEFAULT CURRENT_TIMESTAMP,
  PRIMARY KEY (`manager_id`),
  UNIQUE KEY `username` (`username`),
  UNIQUE KEY `email` (`email`)
) ENGINE=InnoDB AUTO_INCREMENT=11 DEFAULT CHARSET=utf8mb4 COLLATE=utf8mb4_0900_ai_ci;
/*!40101 SET character_set_client = @saved_cs_client */;

--
-- Dumping data for table `managers`
--

LOCK TABLES `managers` WRITE;
/*!40000 ALTER TABLE `managers` DISABLE KEYS */;
INSERT INTO `managers` VALUES (1,'jesus03','%%9fdOxeii','icopeland@example.com','2024-07-05 19:06:51'),(2,'ewebb','y4A8UtQ%(g','mackenziemiller@example.net','2024-07-05 19:06:51'),(3,'jfoster','9o5DQH7c)m','nadams@example.net','2024-07-05 19:06:51'),(4,'zerickson','_mkG$HBsI3','smithscott@example.net','2024-07-05 19:06:51'),(5,'susan72','+83L06rQb8','victoriaalexander@example.net','2024-07-05 19:06:51'),(6,'qshields','J8FKr&^V%6','bbowers@example.net','2024-07-05 19:06:51'),(7,'anthonymccoy','_ACENqitx0','mooredennis@example.org','2024-07-05 19:06:51'),(8,'samanthaalexander','1$0BWaQ45$','kevin52@example.com','2024-07-05 19:06:51'),(9,'lawrence54','ti#7NcIiUJ','hdavis@example.net','2024-07-05 19:06:51'),(10,'taylorscott','hiZz6aUEx^','tina72@example.org','2024-07-05 19:06:51');
/*!40000 ALTER TABLE `managers` ENABLE KEYS */;
UNLOCK TABLES;

--
-- Table structure for table `orderdetails`
--

DROP TABLE IF EXISTS `orderdetails`;
/*!40101 SET @saved_cs_client     = @@character_set_client */;
/*!50503 SET character_set_client = utf8mb4 */;
CREATE TABLE `orderdetails` (
  `order_detail_id` int NOT NULL AUTO_INCREMENT,
  `order_id` int DEFAULT NULL,
  `product_id` int DEFAULT NULL,
  `quantity` int NOT NULL,
  `price` decimal(10,2) NOT NULL,
  PRIMARY KEY (`order_detail_id`),
  KEY `order_id` (`order_id`),
  KEY `product_id` (`product_id`),
  CONSTRAINT `orderdetails_ibfk_1` FOREIGN KEY (`order_id`) REFERENCES `orders` (`order_id`),
  CONSTRAINT `orderdetails_ibfk_2` FOREIGN KEY (`product_id`) REFERENCES `products` (`product_id`)
) ENGINE=InnoDB AUTO_INCREMENT=201 DEFAULT CHARSET=utf8mb4 COLLATE=utf8mb4_0900_ai_ci;
/*!40101 SET character_set_client = @saved_cs_client */;

--
-- Dumping data for table `orderdetails`
--

LOCK TABLES `orderdetails` WRITE;
/*!40000 ALTER TABLE `orderdetails` DISABLE KEYS */;
INSERT INTO `orderdetails` VALUES (1,51,96,5,272.41),(2,22,64,5,613.42),(3,62,33,3,261.31),(4,72,50,2,416.61),(5,53,29,5,583.81),(6,2,59,1,85.20),(7,87,67,4,776.71),(8,19,25,4,267.41),(9,28,92,5,670.03),(10,23,52,2,557.18),(11,40,79,3,892.93),(12,95,74,1,998.91),(13,53,75,5,775.26),(14,26,69,1,303.58),(15,98,60,3,670.12),(16,39,30,2,357.41),(17,39,6,2,787.33),(18,38,73,1,564.06),(19,40,88,3,927.55),(20,89,38,3,844.54),(21,92,100,3,588.05),(22,32,95,2,187.76),(23,90,17,5,34.79),(24,15,64,1,522.62),(25,87,5,1,967.52),(26,91,94,1,802.54),(27,46,82,3,749.44),(28,31,51,1,828.13),(29,89,51,2,346.92),(30,29,78,3,503.30),(31,80,97,1,371.80),(32,34,75,1,779.59),(33,100,72,5,937.91),(34,46,89,4,356.98),(35,90,15,1,76.99),(36,84,48,2,841.87),(37,41,35,1,506.33),(38,93,10,4,193.88),(39,62,53,4,219.81),(40,72,24,5,697.34),(41,2,71,4,95.75),(42,71,8,2,312.37),(43,91,55,3,447.01),(44,72,16,4,686.07),(45,99,3,1,533.08),(46,21,28,4,750.31),(47,64,43,5,698.72),(48,85,76,1,628.32),(49,37,99,2,24.80),(50,7,34,5,791.82),(51,25,83,5,709.72),(52,11,7,4,37.69),(53,85,49,4,99.43),(54,6,75,5,208.74),(55,1,87,3,210.61),(56,12,58,4,563.81),(57,35,84,4,204.11),(58,69,57,2,525.25),(59,47,26,4,159.20),(60,39,31,1,782.48),(61,95,96,3,976.82),(62,63,31,3,979.69),(63,92,50,4,987.20),(64,46,56,1,824.74),(65,25,64,5,935.53),(66,21,64,3,247.82),(67,90,61,2,604.33),(68,60,39,2,394.51),(69,75,66,3,702.73),(70,79,72,2,363.31),(71,46,48,5,238.69),(72,70,57,4,690.38),(73,92,73,5,912.46),(74,81,94,2,927.70),(75,15,82,4,428.89),(76,75,39,1,310.51),(77,80,96,5,838.48),(78,16,10,4,626.56),(79,59,14,1,483.81),(80,15,100,4,139.02),(81,91,39,4,157.32),(82,47,89,1,175.37),(83,69,7,1,343.38),(84,85,7,4,843.79),(85,67,47,1,551.23),(86,64,45,5,515.44),(87,19,76,4,790.64),(88,32,67,5,446.47),(89,56,95,1,66.51),(90,79,51,5,770.39),(91,64,31,3,707.00),(92,1,78,3,487.12),(93,19,52,1,831.62),(94,21,48,4,407.90),(95,49,68,5,609.14),(96,17,71,3,405.94),(97,22,97,2,425.34),(98,9,72,3,397.23),(99,72,6,4,274.02),(100,9,51,1,469.54),(101,17,22,5,438.78),(102,91,23,4,727.33),(103,56,94,3,79.64),(104,26,46,1,758.38),(105,54,47,5,461.90),(106,10,46,4,53.34),(107,5,85,1,711.50),(108,71,34,3,241.56),(109,60,7,1,780.92),(110,71,28,5,917.13),(111,10,32,4,139.97),(112,4,53,2,228.28),(113,13,23,4,700.22),(114,49,27,4,742.51),(115,10,20,1,986.82),(116,34,83,4,688.33),(117,60,5,1,99.47),(118,78,50,3,279.56),(119,72,16,5,305.32),(120,50,25,4,479.55),(121,67,11,1,526.48),(122,28,93,2,45.46),(123,18,58,4,862.37),(124,27,7,2,685.69),(125,11,86,3,620.00),(126,76,51,3,974.59),(127,63,62,2,343.98),(128,50,89,5,563.75),(129,8,66,3,170.68),(130,78,35,1,259.10),(131,84,7,2,925.91),(132,96,82,3,403.15),(133,51,42,4,590.09),(134,9,41,2,875.23),(135,29,18,1,716.03),(136,3,29,4,849.41),(137,66,45,1,429.19),(138,33,57,3,341.47),(139,8,12,4,538.40),(140,48,97,1,530.73),(141,18,70,1,825.14),(142,26,1,2,766.43),(143,76,10,5,808.51),(144,1,44,4,411.23),(145,13,96,5,113.34),(146,60,4,4,385.41),(147,39,78,5,92.43),(148,52,30,4,563.48),(149,74,51,2,340.66),(150,13,20,5,620.31),(151,1,61,3,161.80),(152,78,79,3,517.89),(153,47,27,2,658.54),(154,55,25,2,91.85),(155,6,42,4,607.48),(156,17,94,2,365.69),(157,46,21,2,410.97),(158,60,57,2,406.97),(159,85,3,3,909.48),(160,43,34,2,615.20),(161,97,33,3,101.77),(162,15,26,2,192.32),(163,35,28,5,720.13),(164,5,22,2,726.17),(165,72,74,2,501.24),(166,68,98,1,733.20),(167,13,65,3,952.03),(168,59,77,4,411.03),(169,25,40,2,733.98),(170,14,84,4,33.63),(171,75,37,3,493.30),(172,2,50,1,260.82),(173,95,2,2,227.75),(174,72,41,2,590.61),(175,14,76,3,207.60),(176,27,99,5,66.14),(177,80,100,4,910.76),(178,7,38,4,130.65),(179,38,48,4,196.58),(180,45,23,5,561.19),(181,88,76,2,671.83),(182,76,84,1,70.43),(183,16,66,3,748.11),(184,27,47,2,171.09),(185,57,25,5,739.33),(186,72,31,2,684.93),(187,55,55,2,12.16),(188,3,62,1,739.51),(189,11,58,1,907.12),(190,49,85,1,583.67),(191,72,16,1,838.02),(192,41,26,1,685.23),(193,62,88,1,464.17),(194,4,79,5,710.94),(195,87,97,4,448.40),(196,74,73,5,561.76),(197,35,95,5,274.84),(198,96,17,1,504.29),(199,6,72,1,170.81),(200,75,61,2,492.65);
/*!40000 ALTER TABLE `orderdetails` ENABLE KEYS */;
UNLOCK TABLES;

--
-- Table structure for table `orders`
--

DROP TABLE IF EXISTS `orders`;
/*!40101 SET @saved_cs_client     = @@character_set_client */;
/*!50503 SET character_set_client = utf8mb4 */;
CREATE TABLE `orders` (
  `order_id` int NOT NULL AUTO_INCREMENT,
  `user_id` int DEFAULT NULL,
  `order_date` timestamp NULL DEFAULT CURRENT_TIMESTAMP,
  `status` enum('pending','processing','shipped','delivered','cancelled','returned') NOT NULL,
  `total_amount` decimal(10,2) NOT NULL,
  `shipping_info_id` int DEFAULT NULL,
  PRIMARY KEY (`order_id`),
  KEY `user_id` (`user_id`),
  KEY `shipping_info_id` (`shipping_info_id`),
  CONSTRAINT `orders_ibfk_1` FOREIGN KEY (`user_id`) REFERENCES `users` (`user_id`),
  CONSTRAINT `orders_ibfk_2` FOREIGN KEY (`shipping_info_id`) REFERENCES `shippinginfo` (`shipping_info_id`)
) ENGINE=InnoDB AUTO_INCREMENT=101 DEFAULT CHARSET=utf8mb4 COLLATE=utf8mb4_0900_ai_ci;
/*!40101 SET character_set_client = @saved_cs_client */;

--
-- Dumping data for table `orders`
--

LOCK TABLES `orders` WRITE;
/*!40000 ALTER TABLE `orders` DISABLE KEYS */;
INSERT INTO `orders` VALUES (1,19,'2024-07-05 19:06:51','processing',406.39,22),(2,71,'2024-07-05 19:06:51','pending',1313.87,28),(3,93,'2024-07-05 19:06:51','cancelled',1067.91,30),(4,42,'2024-07-05 19:06:51','shipped',1194.16,3),(5,83,'2024-07-05 19:06:51','processing',457.06,14),(6,32,'2024-07-05 19:06:51','delivered',1556.47,3),(7,33,'2024-07-05 19:06:51','processing',1730.04,28),(8,97,'2024-07-05 19:06:51','delivered',1395.21,9),(9,12,'2024-07-05 19:06:51','processing',1806.37,1),(10,97,'2024-07-05 19:06:51','returned',1453.37,16),(11,13,'2024-07-05 19:06:51','pending',1483.64,44),(12,48,'2024-07-05 19:06:51','returned',583.35,45),(13,94,'2024-07-05 19:06:51','processing',338.88,38),(14,85,'2024-07-05 19:06:51','shipped',1949.91,31),(15,45,'2024-07-05 19:06:51','delivered',850.52,11),(16,62,'2024-07-05 19:06:51','processing',996.52,14),(17,35,'2024-07-05 19:06:51','cancelled',574.10,20),(18,21,'2024-07-05 19:06:51','delivered',261.19,22),(19,6,'2024-07-05 19:06:51','pending',119.18,17),(20,48,'2024-07-05 19:06:51','processing',1217.80,45),(21,40,'2024-07-05 19:06:51','pending',603.10,28),(22,67,'2024-07-05 19:06:51','processing',598.56,22),(23,88,'2024-07-05 19:06:51','processing',1269.34,25),(24,78,'2024-07-05 19:06:51','returned',449.66,40),(25,23,'2024-07-05 19:06:51','cancelled',843.15,8),(26,99,'2024-07-05 19:06:51','processing',552.05,14),(27,64,'2024-07-05 19:06:51','delivered',692.95,2),(28,20,'2024-07-05 19:06:51','shipped',1569.77,50),(29,35,'2024-07-05 19:06:51','returned',345.16,9),(30,36,'2024-07-05 19:06:51','cancelled',1947.50,27),(31,36,'2024-07-05 19:06:51','delivered',425.74,9),(32,8,'2024-07-05 19:06:51','returned',1969.73,23),(33,17,'2024-07-05 19:06:51','cancelled',935.54,14),(34,94,'2024-07-05 19:06:51','shipped',1613.81,26),(35,25,'2024-07-05 19:06:51','returned',213.84,18),(36,31,'2024-07-05 19:06:51','delivered',205.70,25),(37,24,'2024-07-05 19:06:51','pending',230.30,8),(38,91,'2024-07-05 19:06:51','processing',1392.87,14),(39,63,'2024-07-05 19:06:51','pending',606.06,7),(40,92,'2024-07-05 19:06:51','returned',98.76,33),(41,93,'2024-07-05 19:06:51','returned',263.23,25),(42,69,'2024-07-05 19:06:51','shipped',401.07,19),(43,100,'2024-07-05 19:06:51','cancelled',844.49,2),(44,84,'2024-07-05 19:06:51','shipped',74.05,34),(45,78,'2024-07-05 19:06:51','delivered',1783.54,6),(46,89,'2024-07-05 19:06:51','shipped',1438.25,11),(47,51,'2024-07-05 19:06:51','returned',401.01,17),(48,50,'2024-07-05 19:06:51','processing',983.61,49),(49,10,'2024-07-05 19:06:51','shipped',35.49,6),(50,18,'2024-07-05 19:06:51','processing',1045.85,25),(51,15,'2024-07-05 19:06:51','processing',990.12,20),(52,88,'2024-07-05 19:06:51','returned',311.37,36),(53,16,'2024-07-05 19:06:51','returned',304.33,13),(54,21,'2024-07-05 19:06:51','pending',1178.63,17),(55,73,'2024-07-05 19:06:51','delivered',201.58,29),(56,56,'2024-07-05 19:06:51','cancelled',1735.45,20),(57,1,'2024-07-05 19:06:51','delivered',1632.49,18),(58,44,'2024-07-05 19:06:51','shipped',1079.46,11),(59,44,'2024-07-05 19:06:51','pending',1160.74,40),(60,8,'2024-07-05 19:06:51','returned',1379.21,27),(61,89,'2024-07-05 19:06:51','pending',1119.76,41),(62,62,'2024-07-05 19:06:51','shipped',812.95,11),(63,76,'2024-07-05 19:06:51','cancelled',428.18,30),(64,49,'2024-07-05 19:06:51','returned',1741.53,6),(65,30,'2024-07-05 19:06:51','returned',1799.09,16),(66,50,'2024-07-05 19:06:51','processing',1650.80,32),(67,83,'2024-07-05 19:06:51','delivered',579.92,34),(68,13,'2024-07-05 19:06:51','delivered',760.24,12),(69,40,'2024-07-05 19:06:51','cancelled',1995.66,5),(70,33,'2024-07-05 19:06:51','cancelled',579.90,36),(71,91,'2024-07-05 19:06:51','cancelled',971.77,42),(72,33,'2024-07-05 19:06:51','shipped',910.92,49),(73,1,'2024-07-05 19:06:51','cancelled',582.48,39),(74,98,'2024-07-05 19:06:51','delivered',1917.05,22),(75,75,'2024-07-05 19:06:51','cancelled',337.02,32),(76,26,'2024-07-05 19:06:51','pending',1210.28,40),(77,38,'2024-07-05 19:06:51','delivered',620.13,47),(78,87,'2024-07-05 19:06:51','pending',1836.40,25),(79,71,'2024-07-05 19:06:51','delivered',914.35,12),(80,88,'2024-07-05 19:06:51','cancelled',1519.16,24),(81,24,'2024-07-05 19:06:51','processing',1044.06,32),(82,56,'2024-07-05 19:06:51','pending',1109.06,35),(83,97,'2024-07-05 19:06:51','delivered',426.02,7),(84,92,'2024-07-05 19:06:51','delivered',1798.42,41),(85,78,'2024-07-05 19:06:51','cancelled',663.93,15),(86,26,'2024-07-05 19:06:51','delivered',998.87,7),(87,91,'2024-07-05 19:06:51','pending',97.65,10),(88,42,'2024-07-05 19:06:51','processing',1929.96,25),(89,2,'2024-07-05 19:06:51','cancelled',728.37,19),(90,49,'2024-07-05 19:06:51','pending',1518.07,4),(91,34,'2024-07-05 19:06:51','cancelled',220.84,22),(92,89,'2024-07-05 19:06:51','shipped',609.50,27),(93,94,'2024-07-05 19:06:51','cancelled',404.12,4),(94,2,'2024-07-05 19:06:51','cancelled',199.31,10),(95,17,'2024-07-05 19:06:51','pending',1376.92,14),(96,66,'2024-07-05 19:06:51','delivered',1579.68,13),(97,36,'2024-07-05 19:06:51','shipped',907.05,40),(98,12,'2024-07-05 19:06:51','processing',446.60,17),(99,13,'2024-07-05 19:06:51','shipped',828.45,35),(100,66,'2024-07-05 19:06:51','pending',857.20,49);
/*!40000 ALTER TABLE `orders` ENABLE KEYS */;
UNLOCK TABLES;

--
-- Table structure for table `productdiscounts`
--

DROP TABLE IF EXISTS `productdiscounts`;
/*!40101 SET @saved_cs_client     = @@character_set_client */;
/*!50503 SET character_set_client = utf8mb4 */;
CREATE TABLE `productdiscounts` (
  `product_discount_id` int NOT NULL AUTO_INCREMENT,
  `product_id` int DEFAULT NULL,
  `discount_id` int DEFAULT NULL,
  PRIMARY KEY (`product_discount_id`),
  KEY `product_id` (`product_id`),
  KEY `discount_id` (`discount_id`),
  CONSTRAINT `productdiscounts_ibfk_1` FOREIGN KEY (`product_id`) REFERENCES `products` (`product_id`),
  CONSTRAINT `productdiscounts_ibfk_2` FOREIGN KEY (`discount_id`) REFERENCES `discounts` (`discount_id`)
) ENGINE=InnoDB AUTO_INCREMENT=51 DEFAULT CHARSET=utf8mb4 COLLATE=utf8mb4_0900_ai_ci;
/*!40101 SET character_set_client = @saved_cs_client */;

--
-- Dumping data for table `productdiscounts`
--

LOCK TABLES `productdiscounts` WRITE;
/*!40000 ALTER TABLE `productdiscounts` DISABLE KEYS */;
INSERT INTO `productdiscounts` VALUES (1,79,7),(2,71,1),(3,63,7),(4,2,8),(5,51,6),(6,40,7),(7,65,2),(8,47,5),(9,43,1),(10,16,6),(11,27,7),(12,16,9),(13,34,1),(14,44,3),(15,92,2),(16,56,6),(17,60,10),(18,40,1),(19,27,2),(20,21,5),(21,24,8),(22,59,6),(23,62,5),(24,28,1),(25,12,2),(26,66,9),(27,3,8),(28,19,5),(29,71,8),(30,27,10),(31,26,1),(32,96,9),(33,62,1),(34,34,2),(35,60,9),(36,88,10),(37,97,9),(38,46,5),(39,86,3),(40,35,1),(41,64,4),(42,42,3),(43,5,9),(44,43,5),(45,84,3),(46,79,1),(47,25,9),(48,45,3),(49,19,9),(50,22,1);
/*!40000 ALTER TABLE `productdiscounts` ENABLE KEYS */;
UNLOCK TABLES;

--
-- Table structure for table `products`
--

DROP TABLE IF EXISTS `products`;
/*!40101 SET @saved_cs_client     = @@character_set_client */;
/*!50503 SET character_set_client = utf8mb4 */;
CREATE TABLE `products` (
  `product_id` int NOT NULL AUTO_INCREMENT,
  `name` varchar(100) NOT NULL,
  `description` text,
  `price` decimal(10,2) NOT NULL,
  `stock` int NOT NULL,
  `category_id` int DEFAULT NULL,
  `brand_id` int DEFAULT NULL,
  `created_at` timestamp NULL DEFAULT CURRENT_TIMESTAMP,
  `status` enum('active','inactive') DEFAULT 'active',
  PRIMARY KEY (`product_id`),
  KEY `category_id` (`category_id`),
  KEY `brand_id` (`brand_id`),
  CONSTRAINT `products_ibfk_1` FOREIGN KEY (`category_id`) REFERENCES `categories` (`category_id`),
  CONSTRAINT `products_ibfk_2` FOREIGN KEY (`brand_id`) REFERENCES `brands` (`brand_id`)
) ENGINE=InnoDB AUTO_INCREMENT=101 DEFAULT CHARSET=utf8mb4 COLLATE=utf8mb4_0900_ai_ci;
/*!40101 SET character_set_client = @saved_cs_client */;

--
-- Dumping data for table `products`
--

LOCK TABLES `products` WRITE;
/*!40000 ALTER TABLE `products` DISABLE KEYS */;
INSERT INTO `products` VALUES (1,'Easy','Of feel my parent section executive. Almost want know term buy administration writer.\nPersonal book program maybe him. Father owner yet city cut need. Ten either plant.',204.70,32,9,10,'2024-07-05 19:06:51','inactive'),(2,'Community','House account of opportunity side five. Allow catch answer box nor control ball. Near a rather church million total.\nGive be condition son age class play.',703.35,2,8,2,'2024-07-05 19:06:51','inactive'),(3,'Successful','Within outside above. Ready people medical trouble fund check professor. Daughter suddenly family center college pattern score.\nOpportunity character full marriage. About fine watch some sort water.',159.90,46,9,6,'2024-07-05 19:06:51','inactive'),(4,'Environment','Power finish radio including on. Natural future size serious two clear until. Model newspaper century less once former impact. Throw Congress shoulder myself present police stand.',249.09,29,10,6,'2024-07-05 19:06:51','inactive'),(5,'Vote','Dark democratic trip truth. Camera baby view statement present.\nHow direction government loss couple discuss laugh risk. Start body plant page clearly wish.',661.89,21,8,6,'2024-07-05 19:06:51','inactive'),(6,'Base','Office make if exist. Green open sound standard.\nGoal at win experience next study shoulder. Score some government including. Bar meet get hospital picture civil participant.',597.70,81,5,2,'2024-07-05 19:06:51','inactive'),(7,'Public','Society happy experience door room resource generation. Life benefit recent agree land. Evening clear degree animal tax understand.',320.82,15,4,4,'2024-07-05 19:06:51','inactive'),(8,'Development','Thank participant crime matter pass say land. Bed deep yourself name foreign community seek. Professional change condition consider.',982.32,29,7,4,'2024-07-05 19:06:51','inactive'),(9,'Choice','Note near ago might answer fish trip. Yet food here tonight computer cut sister tend.\nInterest itself task whether. Page concern writer them himself close. General current position before.',444.92,20,5,1,'2024-07-05 19:06:51','active'),(10,'Police','Success third between. Medical doctor would class.',884.10,73,5,3,'2024-07-05 19:06:51','inactive'),(11,'Source','Under heavy fight sign American land Democrat. Live skill market role question. Wall speak area method.',503.85,98,3,8,'2024-07-05 19:06:51','inactive'),(12,'Step','Others no least successful. Whose goal attack field dog. Suffer theory amount maybe religious kind themselves.\nResult fish soon pick new change card. Option station region style he war college.',248.88,57,1,9,'2024-07-05 19:06:51','active'),(13,'Hotel','Peace rate generation. Staff quite ball certainly me visit defense. Born community keep make question career employee important.\nScene force term. Everybody hair law music.',281.33,7,7,1,'2024-07-05 19:06:51','active'),(14,'Hair','Accept boy writer top rise. Fire short party.\nThem boy think improve box.\nSeveral do yes painting energy. Language suddenly list born tell mention allow social.',335.78,50,3,8,'2024-07-05 19:06:51','inactive'),(15,'Measure','Analysis particular newspaper heavy capital. Citizen certainly cell perform suddenly either language week. She perhaps teacher resource they movie.',39.24,36,2,5,'2024-07-05 19:06:51','active'),(16,'Policy','Decision guess talk customer hope little hotel. Out hundred care common test director dinner worker. Article affect more.\nFactor cost pick north. Size easy watch.',343.40,43,5,3,'2024-07-05 19:06:51','active'),(17,'Top','Inside blue religious senior mission discuss push. Others top act dinner.',453.47,24,10,3,'2024-07-05 19:06:51','inactive'),(18,'Boy','Mouth me game good. Produce contain foot own six establish. Bed woman range by take many blood save. Future base since stuff meeting.',958.72,64,9,8,'2024-07-05 19:06:51','active'),(19,'Wait','Require itself manage hundred say year music. Plant call key option really help in. Nor evidence line live. Trip road under new first trouble.',924.04,53,10,6,'2024-07-05 19:06:51','inactive'),(20,'Author','Candidate case example price hair ready. Save politics finish back certain cup minute.\nWhose foot article garden.\nArt maintain grow prevent pretty. Give follow beautiful mention outside property.',479.69,94,2,4,'2024-07-05 19:06:51','active'),(21,'Stage','Point future firm parent. Lawyer smile model model rest.\nPass use politics eat discuss. Paper develop offer hold. Brother spend position physical phone far.\nMean exactly use clear.',484.03,2,6,1,'2024-07-05 19:06:51','inactive'),(22,'Want','Home form short street performance side. Occur agent feel hard behind.\nLot say majority occur enjoy middle guy compare. Something us major red too film run. Feel major head age.',190.73,5,8,4,'2024-07-05 19:06:51','active'),(23,'Think','Build herself alone almost hand. Range myself part carry hair after. Special stage admit. Significant entire serious somebody past interview.',287.44,76,6,10,'2024-07-05 19:06:51','inactive'),(24,'Hand','Teach three need paper. Exist Mr also significant. Help sea reflect fast.\nReally either instead fund professional. Appear gas age everything customer. Social forget happen understand ten listen.',916.95,33,1,7,'2024-07-05 19:06:51','active'),(25,'Seat','Trial main position customer style American candidate represent. Half campaign go buy eat catch next. Wind act into man black.',105.34,44,3,1,'2024-07-05 19:06:51','inactive'),(26,'Option','Hospital phone threat try wait into. Age red brother amount act. Language deep in stuff when skin. Part space add minute remain up its be.',236.50,100,8,10,'2024-07-05 19:06:51','inactive'),(27,'Let','Artist job friend three leg bar community theory. Professional career yard dinner manage he. Century seek suggest himself.',661.69,44,1,10,'2024-07-05 19:06:51','active'),(28,'Data','Direction why matter owner paper president. Bring too conference strategy represent public seem determine. Suggest knowledge relationship scene nearly. Piece statement well admit.',120.72,63,6,7,'2024-07-05 19:06:51','inactive'),(29,'City','Mean good decade significant pretty respond single. Generation scene fine teacher list capital. School base value miss cup.',978.78,97,8,5,'2024-07-05 19:06:51','inactive'),(30,'Employee','Herself hard network option challenge clear. Where part degree American.\nGround old land power. Above produce condition cultural. Oil crime loss understand mention outside hotel win.',980.90,9,2,10,'2024-07-05 19:06:51','inactive'),(31,'Best','World blood adult become. Hard hospital specific read visit.',986.58,67,2,1,'2024-07-05 19:06:51','active'),(32,'Man','Catch Republican response nothing quite skin much. Enter effort drive career store. Just stand difference skill finish.\nSave ten protect natural. Lawyer interest child program.',938.15,8,1,2,'2024-07-05 19:06:51','inactive'),(33,'Ok','Week possible agree investment source certainly else. Account deep focus spring scientist south. Book position adult. Matter wear left leader energy man science enjoy.',150.71,14,7,1,'2024-07-05 19:06:51','inactive'),(34,'Music','Kid send little cup. Two civil home. Thus follow name once hospital analysis.',49.34,74,10,6,'2024-07-05 19:06:51','inactive'),(35,'Office','Themselves mouth I popular church away state. Table major science. Reduce amount staff magazine head person tend.\nCharge author peace sound data. Town line clearly job class.',617.05,48,4,8,'2024-07-05 19:06:51','active'),(36,'Magazine','Page oil beautiful available general star seek. Growth executive lead hold push.\nParticipant rich establish friend wind service experience argue. Their little represent either chance store.',897.65,22,2,8,'2024-07-05 19:06:51','active'),(37,'Bring','Example throw item light together where information. Trade he official fund. Seven expert stand three.\nEverybody blue above sense represent.\nEnough we discuss common already claim.',946.23,55,7,7,'2024-07-05 19:06:51','active'),(38,'However','Talk some improve result evening effect. Try able hold model style.',676.68,60,4,2,'2024-07-05 19:06:51','inactive'),(39,'Likely','Local same night chance when. Around visit story conference authority laugh.\nBase economic because approach cup author. Point table I raise see international age.',483.96,35,7,5,'2024-07-05 19:06:51','inactive'),(40,'Ever','Series beyond season piece base through instead. Seven Mrs rule. Want agency service either choose.',825.84,5,8,8,'2024-07-05 19:06:51','inactive'),(41,'Increase','Evidence special detail stage. Cause perhaps town number.\nKind fast friend fast pull yeah. Once shoulder audience party road expect as. Almost boy anything service particular show hair.',98.55,3,4,10,'2024-07-05 19:06:51','active'),(42,'Few','Body allow break maybe herself simply firm. Important best situation my grow live amount. Process quite speech hope score season meet.\nBank oil floor direction. Score he same.',707.60,32,5,10,'2024-07-05 19:06:51','inactive'),(43,'Among','Toward probably under husband throughout. Appear discover myself whatever since. Base rather detail court.\nSouthern again drop treatment painting. They seem seem measure direction recognize father.',695.79,36,8,2,'2024-07-05 19:06:51','inactive'),(44,'Fire','Vote over movie successful goal shake local. Laugh son thank it.\nRed international particularly significant. Son different impact ever. Wonder may pay.',663.18,98,1,8,'2024-07-05 19:06:51','inactive'),(45,'Ever','Red effort hospital old. Act bed eat building challenge. Office knowledge policy fact.\nEvent site gas they economic. Truth nation hear name tough often join.',157.81,31,2,4,'2024-07-05 19:06:51','inactive'),(46,'Free','Difference fill cause suddenly. Raise scene interest let.\nStage read night detail condition right your fish. Strategy system responsibility officer behind position cut.',502.02,10,3,9,'2024-07-05 19:06:51','inactive'),(47,'Reason','Message network forget. If hot matter wife. Act career develop win son citizen up. There myself on along health difficult skill relationship.',59.35,88,5,6,'2024-07-05 19:06:51','active'),(48,'Hotel','Son place difficult economic national. Year summer girl include it even law.\nLeft agent life.',312.66,82,2,4,'2024-07-05 19:06:51','active'),(49,'Key','Relate by wide west. Other democratic agent water blood including phone.\nSection thousand force. Cup focus area purpose.\nThousand pattern than hard somebody. Various whole many road especially.',319.07,80,2,1,'2024-07-05 19:06:51','inactive'),(50,'As','Let town bag decide ground. Until its leave matter region sit culture.\nAlso choice visit modern. Reality meet social season edge talk career.',515.08,42,9,9,'2024-07-05 19:06:51','inactive'),(51,'Stand','Fear need attention herself most unit. Society any democratic third wide east seek.\nBefore result those benefit example these new share. Trade treatment fall task gas might wind.',102.83,6,6,6,'2024-07-05 19:06:51','inactive'),(52,'Message','Law international lose improve commercial. Mother become feeling week.',640.14,100,1,7,'2024-07-05 19:06:51','inactive'),(53,'Treat','Fight research professor oil pick turn admit. Above source stop individual easy note.\nDifficult might relate explain. Message office free here.',896.17,77,10,7,'2024-07-05 19:06:51','active'),(54,'Approach','Such college compare hear hot baby character. Ready Democrat try grow condition always. Use throw mother woman story collection computer laugh.',317.39,63,2,7,'2024-07-05 19:06:51','active'),(55,'Federal','Eight site continue street fill. Ok its son president foreign. Them wonder decide story fly song well add.',978.14,57,10,5,'2024-07-05 19:06:51','inactive'),(56,'Two','Born along control music style. Happen story color affect out picture involve control. Collection sometimes key prepare consider manage clearly.',365.58,20,9,7,'2024-07-05 19:06:51','active'),(57,'Reduce','Size hand time certain mind next least. Compare wife personal you. Site law prevent form today audience receive.\nLot decide half term. Entire religious beautiful. Pass camera speech perform become.',115.01,52,10,5,'2024-07-05 19:06:51','active'),(58,'But','Into available this and thus quality. Sell full form involve paper everybody board ready.\nReally break sometimes by hit air. Time continue occur agreement although.',908.51,98,7,8,'2024-07-05 19:06:51','active'),(59,'No','Dinner spend on north her view. Example begin specific subject nor. Tonight pretty list drop maintain.',777.55,4,4,1,'2024-07-05 19:06:51','active'),(60,'Campaign','Really hotel language although movement control. Soon forget pattern six.\nPosition billion generation south he.\nWhether read response eye thing order get chair. Democratic art war of chance.',125.41,34,1,4,'2024-07-05 19:06:51','inactive'),(61,'Prevent','How paper mind entire hear city.\nIdentify hospital across thousand morning to. Agreement rock form gun budget too. Change candidate affect.',257.29,24,1,6,'2024-07-05 19:06:51','active'),(62,'Yes','Perhaps prevent although why pull. Under billion effort production bit. Individual woman trade store.\nMemory voice most major station.',161.26,18,10,3,'2024-07-05 19:06:51','inactive'),(63,'Lot','Event carry them wonder which detail plan newspaper. Police sound already bank.\nDark suddenly draw wrong. Above wind mouth.',407.74,37,3,2,'2024-07-05 19:06:51','inactive'),(64,'Raise','Mouth material person something rule half. Enough five reality kitchen senior relationship.',442.09,98,7,7,'2024-07-05 19:06:51','active'),(65,'Manage','Since class decade question all professor.\nCourt him task whose way support Democrat carry. Live return write reduce wrong test himself. Kitchen player region cold agreement.',538.12,24,10,4,'2024-07-05 19:06:51','active'),(66,'Individual','Early administration race cost for. Democratic trial sure somebody. Serious operation up own.\nInto ability current. Wait here central yes prevent.',483.25,36,7,3,'2024-07-05 19:06:51','active'),(67,'Prepare','His Mr city. Movement shake result teach. Unit pull everyone over if firm next pick. Large much try world interest despite.',772.49,14,3,8,'2024-07-05 19:06:51','active'),(68,'Develop','Approach respond data black. Quickly investment federal side. Everybody involve trouble chance wear shake.',741.04,15,3,5,'2024-07-05 19:06:51','active'),(69,'Herself','Technology power director democratic the property. Front country shoulder some long. Thank himself also.\nBase loss boy eye everyone. Sometimes traditional treat a.',153.66,60,5,3,'2024-07-05 19:06:51','active'),(70,'Themselves','Material at hot. Program life itself far strategy. Beat doctor response woman player story.\nAnimal nature relate there western series. Both son rate certain bank.\nWhich all role suggest movement.',573.47,17,4,10,'2024-07-05 19:06:51','active'),(71,'Box','Together what red situation. With soldier suddenly how feel most. Movie system success sometimes.\nPrevent artist out space hospital traditional. Away five reason matter myself.',36.12,60,5,10,'2024-07-05 19:06:51','inactive'),(72,'Rock','Law growth any arrive cost. Source doctor option us. Shake summer wear federal stay serve.\nSince magazine public prepare truth century. Green section summer long. Exactly will gas sea same.',816.66,4,5,1,'2024-07-05 19:06:51','active'),(73,'High','Prevent business test these. North run national wrong team history. Worry service when able mission consider future.',851.39,76,5,3,'2024-07-05 19:06:51','inactive'),(74,'Sport','Simple that statement. Upon plant the attack thousand according perhaps growth. Beyond quality east ten majority president.',662.04,96,7,7,'2024-07-05 19:06:51','inactive'),(75,'Mouth','Allow gun senior cost card morning. Town six campaign travel six hotel. Today stop purpose degree four east.\nGlass military worry. Writer exactly old.',223.39,23,5,7,'2024-07-05 19:06:51','active'),(76,'Son','Night west their media option. Congress position fall like according father operation.\nStyle stop about that keep expert. Quickly cup would music military listen.',706.33,52,10,1,'2024-07-05 19:06:51','active'),(77,'Let','Republican allow write day then I. School anything defense rest. Think agreement that strategy suffer rule.\nLocal only do much food. House glass phone body.',909.05,93,8,8,'2024-07-05 19:06:51','inactive'),(78,'Many','Everyone herself Democrat computer someone third. Appear interview tell success edge just.',456.20,17,3,8,'2024-07-05 19:06:51','inactive'),(79,'Start','His foreign budget begin almost number small. Trade natural test. Too all wear involve billion picture. To off quality employee.',870.93,7,6,10,'2024-07-05 19:06:51','active'),(80,'Stand','Gas above attorney yet. Can hope drug different green long break.\nPartner professional couple. Strong my land wind reach. Develop nothing worker behind. Ball it enough too remember still build.',412.94,20,5,6,'2024-07-05 19:06:51','active'),(81,'It','Foreign there kind while.\nRequire support find member executive. There force bill no.',70.07,75,4,4,'2024-07-05 19:06:51','active'),(82,'Boy','Civil because open help everyone item side gun. Study west question represent.\nReach hope personal pull issue look worker. Room himself Congress board throughout identify. Such value style old.',887.99,83,3,5,'2024-07-05 19:06:51','inactive'),(83,'Best','Including Congress drop for size. Thing certainly the receive security majority find young. Carry real whole provide for leg. Line role piece buy actually prepare.',693.90,44,8,8,'2024-07-05 19:06:51','active'),(84,'Institution','Left billion cultural form let.\nProduce TV human budget. Base society blood exactly.\nHowever discuss fall eight.',274.09,10,3,8,'2024-07-05 19:06:51','active'),(85,'Arm','Through away note member dream. Teacher choice street civil third.\nPoor economy key bit couple three interesting. Child become very help common.',107.75,68,6,4,'2024-07-05 19:06:51','active'),(86,'Follow','Me instead believe. Good politics speak budget order war.\nBecause conference beyond card turn authority. Much space consider seem save still important. Case party product.',365.52,65,9,9,'2024-07-05 19:06:51','active'),(87,'Start','Past door speech own. Black pattern identify.\nFamily side attention need. Quite just example control picture.',538.09,66,6,4,'2024-07-05 19:06:51','active'),(88,'Decade','On school official oil. Anything near weight article series perhaps suggest. Answer century visit very manage.\nAs matter class research month. Hope eye me manage light wife.',670.95,90,7,5,'2024-07-05 19:06:51','inactive'),(89,'Trip','Civil follow poor performance sit exactly soldier type. Beyond hundred wrong analysis property much. At budget father section box. Family soon no heavy.',926.18,66,10,6,'2024-07-05 19:06:51','active'),(90,'Hundred','West kind upon. Activity interesting continue wish.\nHair begin full everyone drive rather. Player difference yeah decision. Quality capital production agency.',314.66,34,2,6,'2024-07-05 19:06:51','inactive'),(91,'Employee','Believe chair bar offer very whose stuff. Network laugh nothing system return son book. Relationship owner left along major respond set. More home represent close do real attention.',781.53,81,8,2,'2024-07-05 19:06:51','active'),(92,'Site','Green know fine central best attention. Million create head goal offer professional any. Understand bed former environment. Sport discuss pattern although animal above policy spend.',297.53,79,2,7,'2024-07-05 19:06:51','active'),(93,'Across','Chair whole bring affect body free. Go half minute total. Week song reach senior general past everyone.\nBall party toward ten. Point strong design effort not section.',812.22,43,5,10,'2024-07-05 19:06:51','inactive'),(94,'From','Arm business need accept my she. Recently door investment cost you reach natural.\nMember off work. To involve its.',656.11,68,2,3,'2024-07-05 19:06:51','inactive'),(95,'Real','Force security save discuss blood oil. Brother open avoid item.\nAlthough mind travel material manage. Executive ability particular through nation look so.\nStrong professional what door.',837.28,54,4,7,'2024-07-05 19:06:51','inactive'),(96,'Above','We my tough professor personal environment have. Easy away specific. Man nearly watch continue hear.',128.70,25,3,5,'2024-07-05 19:06:51','inactive'),(97,'Answer','Few stage run four different campaign result. Imagine glass position turn control health bar.\nWear then whom me. Particular hot sort win. Hotel keep quality management.',552.28,85,4,10,'2024-07-05 19:06:51','active'),(98,'Debate','Look series save indeed suggest.\nWhole today apply avoid. Practice nation eye particularly own resource hair hope. Dark different design feel people hold.',864.91,92,5,8,'2024-07-05 19:06:51','inactive'),(99,'Nor','Particular within available art. Example everybody those agency general. Term by official thank lose experience either into.',774.27,20,4,2,'2024-07-05 19:06:51','active'),(100,'Talk','Away rich former chair medical main. Magazine natural really purpose.\nPopular baby be focus. Else born age peace. Above woman suffer key edge nature strategy magazine.',829.90,83,5,5,'2024-07-05 19:06:51','active');
/*!40000 ALTER TABLE `products` ENABLE KEYS */;
UNLOCK TABLES;

--
-- Table structure for table `purchasehistory`
--

DROP TABLE IF EXISTS `purchasehistory`;
/*!40101 SET @saved_cs_client     = @@character_set_client */;
/*!50503 SET character_set_client = utf8mb4 */;
CREATE TABLE `purchasehistory` (
  `history_id` int NOT NULL AUTO_INCREMENT,
  `user_id` int DEFAULT NULL,
  `order_id` int DEFAULT NULL,
  `purchase_date` timestamp NULL DEFAULT CURRENT_TIMESTAMP,
  PRIMARY KEY (`history_id`),
  KEY `user_id` (`user_id`),
  KEY `order_id` (`order_id`),
  CONSTRAINT `purchasehistory_ibfk_1` FOREIGN KEY (`user_id`) REFERENCES `users` (`user_id`),
  CONSTRAINT `purchasehistory_ibfk_2` FOREIGN KEY (`order_id`) REFERENCES `orders` (`order_id`)
) ENGINE=InnoDB AUTO_INCREMENT=101 DEFAULT CHARSET=utf8mb4 COLLATE=utf8mb4_0900_ai_ci;
/*!40101 SET character_set_client = @saved_cs_client */;

--
-- Dumping data for table `purchasehistory`
--

LOCK TABLES `purchasehistory` WRITE;
/*!40000 ALTER TABLE `purchasehistory` DISABLE KEYS */;
INSERT INTO `purchasehistory` VALUES (1,67,18,'2024-07-05 19:06:51'),(2,87,54,'2024-07-05 19:06:51'),(3,63,49,'2024-07-05 19:06:51'),(4,85,4,'2024-07-05 19:06:51'),(5,30,60,'2024-07-05 19:06:51'),(6,21,77,'2024-07-05 19:06:51'),(7,11,90,'2024-07-05 19:06:51'),(8,34,49,'2024-07-05 19:06:51'),(9,11,29,'2024-07-05 19:06:51'),(10,95,72,'2024-07-05 19:06:51'),(11,68,54,'2024-07-05 19:06:51'),(12,52,11,'2024-07-05 19:06:51'),(13,72,52,'2024-07-05 19:06:51'),(14,58,3,'2024-07-05 19:06:51'),(15,13,68,'2024-07-05 19:06:51'),(16,65,6,'2024-07-05 19:06:51'),(17,26,51,'2024-07-05 19:06:51'),(18,25,96,'2024-07-05 19:06:51'),(19,52,16,'2024-07-05 19:06:51'),(20,5,71,'2024-07-05 19:06:51'),(21,41,87,'2024-07-05 19:06:51'),(22,31,49,'2024-07-05 19:06:51'),(23,33,67,'2024-07-05 19:06:51'),(24,17,97,'2024-07-05 19:06:51'),(25,12,62,'2024-07-05 19:06:51'),(26,53,6,'2024-07-05 19:06:51'),(27,39,90,'2024-07-05 19:06:51'),(28,27,45,'2024-07-05 19:06:51'),(29,84,96,'2024-07-05 19:06:51'),(30,5,49,'2024-07-05 19:06:51'),(31,76,72,'2024-07-05 19:06:51'),(32,14,16,'2024-07-05 19:06:51'),(33,26,100,'2024-07-05 19:06:51'),(34,83,29,'2024-07-05 19:06:51'),(35,17,79,'2024-07-05 19:06:51'),(36,78,71,'2024-07-05 19:06:51'),(37,64,60,'2024-07-05 19:06:51'),(38,62,93,'2024-07-05 19:06:51'),(39,9,29,'2024-07-05 19:06:51'),(40,85,91,'2024-07-05 19:06:51'),(41,83,56,'2024-07-05 19:06:51'),(42,75,64,'2024-07-05 19:06:51'),(43,44,7,'2024-07-05 19:06:51'),(44,58,53,'2024-07-05 19:06:51'),(45,2,37,'2024-07-05 19:06:51'),(46,64,40,'2024-07-05 19:06:51'),(47,50,7,'2024-07-05 19:06:51'),(48,64,14,'2024-07-05 19:06:51'),(49,52,71,'2024-07-05 19:06:51'),(50,76,6,'2024-07-05 19:06:51'),(51,39,73,'2024-07-05 19:06:51'),(52,75,24,'2024-07-05 19:06:51'),(53,84,40,'2024-07-05 19:06:51'),(54,59,8,'2024-07-05 19:06:51'),(55,16,25,'2024-07-05 19:06:51'),(56,100,78,'2024-07-05 19:06:51'),(57,16,76,'2024-07-05 19:06:51'),(58,34,89,'2024-07-05 19:06:51'),(59,88,71,'2024-07-05 19:06:51'),(60,65,31,'2024-07-05 19:06:51'),(61,68,59,'2024-07-05 19:06:51'),(62,68,16,'2024-07-05 19:06:51'),(63,59,25,'2024-07-05 19:06:51'),(64,92,77,'2024-07-05 19:06:51'),(65,13,26,'2024-07-05 19:06:51'),(66,81,69,'2024-07-05 19:06:51'),(67,22,29,'2024-07-05 19:06:51'),(68,46,51,'2024-07-05 19:06:51'),(69,24,98,'2024-07-05 19:06:51'),(70,95,46,'2024-07-05 19:06:51'),(71,89,93,'2024-07-05 19:06:51'),(72,11,81,'2024-07-05 19:06:51'),(73,50,30,'2024-07-05 19:06:51'),(74,65,18,'2024-07-05 19:06:51'),(75,20,27,'2024-07-05 19:06:51'),(76,96,56,'2024-07-05 19:06:51'),(77,68,23,'2024-07-05 19:06:51'),(78,57,17,'2024-07-05 19:06:51'),(79,80,30,'2024-07-05 19:06:51'),(80,32,43,'2024-07-05 19:06:51'),(81,2,94,'2024-07-05 19:06:51'),(82,79,59,'2024-07-05 19:06:51'),(83,46,45,'2024-07-05 19:06:51'),(84,21,26,'2024-07-05 19:06:51'),(85,19,73,'2024-07-05 19:06:51'),(86,7,67,'2024-07-05 19:06:51'),(87,46,45,'2024-07-05 19:06:51'),(88,22,31,'2024-07-05 19:06:51'),(89,82,67,'2024-07-05 19:06:51'),(90,94,74,'2024-07-05 19:06:51'),(91,33,35,'2024-07-05 19:06:51'),(92,83,58,'2024-07-05 19:06:51'),(93,37,48,'2024-07-05 19:06:51'),(94,23,23,'2024-07-05 19:06:51'),(95,97,19,'2024-07-05 19:06:51'),(96,32,55,'2024-07-05 19:06:51'),(97,92,79,'2024-07-05 19:06:51'),(98,68,12,'2024-07-05 19:06:51'),(99,63,82,'2024-07-05 19:06:51'),(100,38,26,'2024-07-05 19:06:51');
/*!40000 ALTER TABLE `purchasehistory` ENABLE KEYS */;
UNLOCK TABLES;

--
-- Table structure for table `shippinginfo`
--

DROP TABLE IF EXISTS `shippinginfo`;
/*!40101 SET @saved_cs_client     = @@character_set_client */;
/*!50503 SET character_set_client = utf8mb4 */;
CREATE TABLE `shippinginfo` (
  `shipping_info_id` int NOT NULL AUTO_INCREMENT,
  `tracking_number` varchar(50) DEFAULT NULL,
  `carrier` varchar(100) DEFAULT NULL,
  `shipping_date` date DEFAULT NULL,
  `delivery_date` date DEFAULT NULL,
  `status` enum('pending','shipped','delivered','returned') DEFAULT 'pending',
  PRIMARY KEY (`shipping_info_id`)
) ENGINE=InnoDB AUTO_INCREMENT=51 DEFAULT CHARSET=utf8mb4 COLLATE=utf8mb4_0900_ai_ci;
/*!40101 SET character_set_client = @saved_cs_client */;

--
-- Dumping data for table `shippinginfo`
--

LOCK TABLES `shippinginfo` WRITE;
/*!40000 ALTER TABLE `shippinginfo` DISABLE KEYS */;
INSERT INTO `shippinginfo` VALUES (1,'0001dff4-cf6d-45d1-b899-5eb2209a252a','UPS','2023-09-29','2024-04-09','shipped'),(2,'b031ba19-e121-43c3-a2f5-bd621088368e','FedEx','2024-02-06','2024-04-10','pending'),(3,'a26a26ef-6c49-4a89-8ae1-4b4fe4b1db7f','DHL','2024-03-24','2024-05-25','delivered'),(4,'c6434937-2c97-459f-add7-102391303f4f','FedEx','2023-08-03','2023-10-29','pending'),(5,'ef7bbbf9-d3ad-44d2-911e-faf6411ebd97','DHL','2024-03-12','2024-07-02','shipped'),(6,'12e6d0ef-66d2-4f5b-9365-09a1be4d7981','UPS','2023-11-24','2024-04-22','pending'),(7,'c2702320-e9b5-4b7c-8259-a1331a6e8485','FedEx','2023-07-13','2024-05-27','returned'),(8,'02a61be8-f1a4-4467-b4c4-266177e01525','UPS','2023-12-12','2024-04-18','pending'),(9,'f459cb7f-ff5f-4029-982c-e0584cd13f65','FedEx','2023-12-14','2024-05-26','shipped'),(10,'f3465d55-f563-431d-8fa2-eb081a497ffd','USPS','2024-04-07','2024-05-10','pending'),(11,'d4ecf962-89f5-400d-a555-3bf36322ceea','USPS','2024-03-09','2024-05-02','pending'),(12,'41d52b4d-16e4-4e32-8402-021e7082d7ca','FedEx','2023-09-17','2023-12-03','delivered'),(13,'fdf4165c-d2f1-4537-a908-a4ea90c87c21','DHL','2023-08-29','2023-12-28','delivered'),(14,'c457242c-d7c1-440f-95e9-adb8d84ed9e0','UPS','2023-10-29','2024-04-05','returned'),(15,'3579eb83-194c-4b03-a6dd-667b73a2a266','UPS','2023-08-27','2023-12-19','pending'),(16,'dcd7a6b7-509b-442f-97b2-5c168f2e7c8b','UPS','2023-08-27','2024-05-08','pending'),(17,'048ce5b5-6742-4398-a9cd-951b9624ebb9','USPS','2024-03-11','2024-03-27','returned'),(18,'750364c1-82d2-4587-89e5-b40d5cbf26ec','FedEx','2024-04-09','2024-05-25','shipped'),(19,'db2cda31-14f5-4c9a-9bc4-3be03be816f7','DHL','2024-03-03','2024-05-22','delivered'),(20,'b7ee7d4b-0d53-4cd3-8223-bc6bbabfe824','UPS','2024-03-10','2024-07-03','delivered'),(21,'2c0e4caa-0317-46c3-b2f5-8644cd07d705','DHL','2023-11-28','2024-05-31','delivered'),(22,'e82046af-bcd1-4771-a6e6-d8861d39bc3a','DHL','2024-01-29','2024-02-13','shipped'),(23,'c8ebf728-39e7-4c33-9006-b897bed21307','DHL','2024-03-17','2024-04-02','delivered'),(24,'87d3c42a-8f2b-4cd2-93de-5ecba7c786b0','FedEx','2023-08-13','2024-05-14','returned'),(25,'84cddaaf-14d6-4b54-b897-dae1e3fef028','DHL','2023-10-15','2024-02-09','delivered'),(26,'15d2f79b-3279-4f93-aa04-e98c845472e7','USPS','2024-07-01','2024-07-03','shipped'),(27,'b5aa6711-32b3-49ad-9519-5844ece1adac','DHL','2024-06-23','2024-06-25','delivered'),(28,'ddbad0d4-22c3-42de-b0cf-eaab9a2a1a3b','FedEx','2024-01-23','2024-05-23','returned'),(29,'b3be9fb3-0ebe-424c-9387-bf27e3fd3eff','UPS','2023-07-27','2023-12-09','delivered'),(30,'557e13ec-aa99-4fae-b541-8bbc3b062ca0','USPS','2023-10-18','2023-12-03','pending'),(31,'d467c56a-45c6-48f5-983a-8b77de99ed4e','USPS','2023-10-12','2023-10-31','delivered'),(32,'f3218ae8-3791-4038-b9a9-388dadd25981','UPS','2024-05-19','2024-06-12','shipped'),(33,'59514ace-62b5-41d1-af52-a686ca17472b','DHL','2024-02-27','2024-03-26','shipped'),(34,'52387160-7709-403c-97d0-cf338f3b4df9','DHL','2023-07-14','2023-11-24','shipped'),(35,'0c8eab73-3972-428c-b8d7-92c84afe84d3','FedEx','2024-02-25','2024-07-01','delivered'),(36,'95f4d4bb-e9ba-4124-9ff2-9c5d574a6da1','USPS','2023-11-10','2023-12-01','shipped'),(37,'5f84d6e1-de9a-4323-bd28-aa7b29b9b26f','FedEx','2024-03-12','2024-04-07','returned'),(38,'6aa1f566-0211-40eb-bdfd-a8486e559e81','DHL','2023-12-13','2024-04-24','delivered'),(39,'82b74177-eeeb-42e1-9f83-5c151fb759a3','USPS','2024-02-22','2024-05-04','pending'),(40,'be7c1c94-3f5c-4424-a851-89a754329229','USPS','2023-11-11','2024-04-10','returned'),(41,'abd22fd8-ff1e-44a7-9dbb-fdc9ab892f06','UPS','2024-04-14','2024-05-27','shipped'),(42,'21daebf7-253a-434e-9cee-b7140f03de28','FedEx','2024-01-08','2024-03-23','shipped'),(43,'713c7614-11e9-4dae-808f-ca8c4ff028e8','UPS','2023-12-18','2023-12-31','shipped'),(44,'4018c8ec-dbf7-4141-ac20-969be8484f36','DHL','2024-05-15','2024-06-19','shipped'),(45,'da84f5df-c31b-47c5-986e-3dc79ef68dd8','USPS','2024-06-18','2024-07-11','delivered'),(46,'a3425474-35e5-4b7b-9f6d-d670b0877995','FedEx','2024-03-19','2024-05-08','delivered'),(47,'d9376d7e-973c-46d9-9809-e64651d53ec9','DHL','2024-03-28','2024-05-19','pending'),(48,'088d8d61-b30a-4f44-892f-503d9d56f34f','DHL','2024-02-16','2024-04-13','pending'),(49,'1dcd25e5-c8e8-4197-8727-9958d21f7e6d','UPS','2023-11-14','2024-02-06','shipped'),(50,'e0ddf638-d3ec-4c73-be74-eb9eecaf93d5','DHL','2024-02-23','2024-03-17','delivered');
/*!40000 ALTER TABLE `shippinginfo` ENABLE KEYS */;
UNLOCK TABLES;

--
-- Table structure for table `shoppingcart`
--

DROP TABLE IF EXISTS `shoppingcart`;
/*!40101 SET @saved_cs_client     = @@character_set_client */;
/*!50503 SET character_set_client = utf8mb4 */;
CREATE TABLE `shoppingcart` (
  `cart_id` int NOT NULL AUTO_INCREMENT,
  `user_id` int DEFAULT NULL,
  `created_at` timestamp NULL DEFAULT CURRENT_TIMESTAMP,
  `updated_at` timestamp NULL DEFAULT CURRENT_TIMESTAMP ON UPDATE CURRENT_TIMESTAMP,
  PRIMARY KEY (`cart_id`),
  KEY `user_id` (`user_id`),
  CONSTRAINT `shoppingcart_ibfk_1` FOREIGN KEY (`user_id`) REFERENCES `users` (`user_id`)
) ENGINE=InnoDB AUTO_INCREMENT=51 DEFAULT CHARSET=utf8mb4 COLLATE=utf8mb4_0900_ai_ci;
/*!40101 SET character_set_client = @saved_cs_client */;

--
-- Dumping data for table `shoppingcart`
--

LOCK TABLES `shoppingcart` WRITE;
/*!40000 ALTER TABLE `shoppingcart` DISABLE KEYS */;
INSERT INTO `shoppingcart` VALUES (1,59,'2024-07-05 19:06:51','2024-07-05 19:06:51'),(2,75,'2024-07-05 19:06:51','2024-07-05 19:06:51'),(3,36,'2024-07-05 19:06:51','2024-07-05 19:06:51'),(4,2,'2024-07-05 19:06:51','2024-07-05 19:06:51'),(5,63,'2024-07-05 19:06:51','2024-07-05 19:06:51'),(6,13,'2024-07-05 19:06:51','2024-07-05 19:06:51'),(7,23,'2024-07-05 19:06:51','2024-07-05 19:06:51'),(8,6,'2024-07-05 19:06:51','2024-07-05 19:06:51'),(9,83,'2024-07-05 19:06:51','2024-07-05 19:06:51'),(10,23,'2024-07-05 19:06:51','2024-07-05 19:06:51'),(11,57,'2024-07-05 19:06:51','2024-07-05 19:06:51'),(12,33,'2024-07-05 19:06:51','2024-07-05 19:06:51'),(13,70,'2024-07-05 19:06:51','2024-07-05 19:06:51'),(14,9,'2024-07-05 19:06:51','2024-07-05 19:06:51'),(15,38,'2024-07-05 19:06:51','2024-07-05 19:06:51'),(16,55,'2024-07-05 19:06:51','2024-07-05 19:06:51'),(17,63,'2024-07-05 19:06:51','2024-07-05 19:06:51'),(18,29,'2024-07-05 19:06:51','2024-07-05 19:06:51'),(19,71,'2024-07-05 19:06:51','2024-07-05 19:06:51'),(20,65,'2024-07-05 19:06:51','2024-07-05 19:06:51'),(21,60,'2024-07-05 19:06:51','2024-07-05 19:06:51'),(22,86,'2024-07-05 19:06:51','2024-07-05 19:06:51'),(23,94,'2024-07-05 19:06:51','2024-07-05 19:06:51'),(24,22,'2024-07-05 19:06:51','2024-07-05 19:06:51'),(25,45,'2024-07-05 19:06:51','2024-07-05 19:06:51'),(26,73,'2024-07-05 19:06:51','2024-07-05 19:06:51'),(27,95,'2024-07-05 19:06:51','2024-07-05 19:06:51'),(28,23,'2024-07-05 19:06:51','2024-07-05 19:06:51'),(29,5,'2024-07-05 19:06:51','2024-07-05 19:06:51'),(30,37,'2024-07-05 19:06:51','2024-07-05 19:06:51'),(31,47,'2024-07-05 19:06:51','2024-07-05 19:06:51'),(32,13,'2024-07-05 19:06:51','2024-07-05 19:06:51'),(33,25,'2024-07-05 19:06:51','2024-07-05 19:06:51'),(34,76,'2024-07-05 19:06:51','2024-07-05 19:06:51'),(35,93,'2024-07-05 19:06:51','2024-07-05 19:06:51'),(36,53,'2024-07-05 19:06:51','2024-07-05 19:06:51'),(37,3,'2024-07-05 19:06:51','2024-07-05 19:06:51'),(38,97,'2024-07-05 19:06:51','2024-07-05 19:06:51'),(39,76,'2024-07-05 19:06:51','2024-07-05 19:06:51'),(40,30,'2024-07-05 19:06:51','2024-07-05 19:06:51'),(41,16,'2024-07-05 19:06:51','2024-07-05 19:06:51'),(42,91,'2024-07-05 19:06:51','2024-07-05 19:06:51'),(43,57,'2024-07-05 19:06:51','2024-07-05 19:06:51'),(44,89,'2024-07-05 19:06:51','2024-07-05 19:06:51'),(45,79,'2024-07-05 19:06:51','2024-07-05 19:06:51'),(46,15,'2024-07-05 19:06:51','2024-07-05 19:06:51'),(47,40,'2024-07-05 19:06:51','2024-07-05 19:06:51'),(48,54,'2024-07-05 19:06:51','2024-07-05 19:06:51'),(49,90,'2024-07-05 19:06:51','2024-07-05 19:06:51'),(50,75,'2024-07-05 19:06:51','2024-07-05 19:06:51');
/*!40000 ALTER TABLE `shoppingcart` ENABLE KEYS */;
UNLOCK TABLES;

--
-- Table structure for table `users`
--

DROP TABLE IF EXISTS `users`;
/*!40101 SET @saved_cs_client     = @@character_set_client */;
/*!50503 SET character_set_client = utf8mb4 */;
CREATE TABLE `users` (
  `user_id` int NOT NULL AUTO_INCREMENT,
  `username` varchar(50) NOT NULL,
  `password` varchar(255) NOT NULL,
  `name` varchar(100) NOT NULL,
  `email` varchar(100) NOT NULL,
  `contact_number` varchar(30) DEFAULT NULL,
  `address` text,
  `registration_date` timestamp NULL DEFAULT CURRENT_TIMESTAMP,
  PRIMARY KEY (`user_id`),
  UNIQUE KEY `username` (`username`),
  UNIQUE KEY `email` (`email`)
) ENGINE=InnoDB AUTO_INCREMENT=101 DEFAULT CHARSET=utf8mb4 COLLATE=utf8mb4_0900_ai_ci;
/*!40101 SET character_set_client = @saved_cs_client */;

--
-- Dumping data for table `users`
--

LOCK TABLES `users` WRITE;
/*!40000 ALTER TABLE `users` DISABLE KEYS */;
INSERT INTO `users` VALUES (1,'fischergreg','^i_+Tmsxy3','Leroy Dunn','meyerglenda@example.com','338-882-7837','7784 Margaret Trail Suite 192\nNew Donnafurt, IL 14232','2024-07-05 19:06:51'),(2,'careysarah','@+4Ho!#&vt','Jeffrey Wong','joseph56@example.net','(720)764-1768','7772 Cameron Fork\nPort Jeanettestad, CA 15961','2024-07-05 19:06:51'),(3,'mcgeeelizabeth','#Fw15taS_^','Brittney Valdez','josephperry@example.net','(629)793-6550x80869','431 Jackson Way Apt. 615\nNorth John, OH 18751','2024-07-05 19:06:51'),(4,'joanna71','$A3g71Nk)P','Joseph Jones','thomaspatricia@example.com','309.635.0381x409','0814 Andre Motorway\nWest Abigailfurt, CA 57252','2024-07-05 19:06:51'),(5,'amanda38','@6f0CbDSYi','Jennifer Watkins','xtaylor@example.net','001-629-546-9625x56504','513 Parker Mission\nSouth Travis, MA 51745','2024-07-05 19:06:51'),(6,'mejiajose','@$HLb@zv4W','Nancy Bell','angela13@example.com','(897)473-8101','1925 Robert Circle Apt. 393\nSouth James, OR 24073','2024-07-05 19:06:51'),(7,'cynthiasalazar','q$sA0Etk&s','Kathleen Roach','williamstaylor@example.com','+1-980-826-6965x241','53232 Keith Fort Suite 847\nLake Tracyside, AZ 96939','2024-07-05 19:06:51'),(8,'twang','+&6MFgjycO','Regina Brown','greenmary@example.org','+1-800-970-1605','9829 Ann Roads\nPort Shawn, MO 85220','2024-07-05 19:06:51'),(9,'jeromeunderwood','W4TWU!MV)a','Phillip Harper','sjensen@example.org','961.954.5481','5848 Woodard Corners Apt. 194\nHarrisshire, ND 03932','2024-07-05 19:06:51'),(10,'cynthia35','%7MAqiCuLd','Donna Pham','wilsonjulia@example.net','+1-422-939-1617x751','29744 Ryan Islands Apt. 774\nNew Lisaland, TN 49037','2024-07-05 19:06:51'),(11,'brianahartman','69$2pSw%Ra','Erin Stewart','melodywilliamson@example.org','001-730-483-9019x3593','75334 Williams Tunnel\nMiddletonburgh, WY 22166','2024-07-05 19:06:51'),(12,'jdavis','4kU9JtaE)D','Jeremy Pittman','horndawn@example.org','001-439-424-3110x0849','USS Cook\nFPO AP 69808','2024-07-05 19:06:51'),(13,'ellispeter',')NcE1QjgGa','Richard Thomas','adam57@example.com','653.834.1100x5224','21672 Lauren Point\nBrianbury, DC 59624','2024-07-05 19:06:51'),(14,'obryant','!mLA*s2l0u','David Ramirez','murraycassandra@example.org','317-877-8768x6458','41058 Clark Land Suite 471\nWest Frances, VI 64860','2024-07-05 19:06:51'),(15,'zmelendez','Dt6GcdS)E*','Alicia Larsen','shepherdmartha@example.com','(447)731-3045x59588','628 Newton Pines\nLake Ashleyburgh, AL 50626','2024-07-05 19:06:51'),(16,'ledwards','!x*sNHhf6L','Scott Jones','joelwheeler@example.org','370.458.6074x06099','PSC 5611, Box 7402\nAPO AP 11411','2024-07-05 19:06:51'),(17,'anthonygoodman','fy&3JgelR$','Jesse Dixon','wgarner@example.com','9859526900','2440 Joshua Expressway\nPort Stephaniemouth, OH 16069','2024-07-05 19:06:51'),(18,'ijennings',')LSi9lOe)3','Mark Warner','jenniferhenry@example.net','667.526.1068','925 Cynthia Island Apt. 263\nStewartchester, IA 66924','2024-07-05 19:06:51'),(19,'fwilliams','1E8Yg%*l%1','Lisa Baker','mary91@example.org','001-231-622-1383x261','PSC 5475, Box 2597\nAPO AP 46532','2024-07-05 19:06:51'),(20,'xnelson','e0TS(rst^_','Jimmy Martin','juliehaley@example.com','+1-493-338-7183x592','2431 Wheeler Flat Suite 645\nAngelahaven, MO 38368','2024-07-05 19:06:51'),(21,'andreagraham','RJ^6ILnmze','Steven Mahoney','qmccarthy@example.org','9746857998','327 Denise Mews\nSouth Charlesborough, OK 01105','2024-07-05 19:06:51'),(22,'tmendez','nEGgB%rB&5','Margaret Park','keithwatson@example.org','943.838.3738x57482','365 Smith Village Suite 857\nNorth Natalieville, AZ 56158','2024-07-05 19:06:51'),(23,'angelalowe','+tLwJKqQh1','Amy Quinn','campbelljonathan@example.com','001-289-620-5613','5812 Sara Mission\nWest Christophermouth, MN 40898','2024-07-05 19:06:51'),(24,'mccoygary','7q5GUXa#!7','Garrett Smith','robingray@example.net','001-721-512-6225x04542','93055 Michael Tunnel\nShannonview, OH 74795','2024-07-05 19:06:51'),(25,'diazcraig','LA2)NeXXk%','Sean Walker','andersonsuzanne@example.com','001-767-710-6228x4824','USNS Davies\nFPO AE 05958','2024-07-05 19:06:51'),(26,'jessicaschmidt','!vz^v)Hc94','Michael Flores','emily11@example.com','001-326-636-0422','PSC 4232, Box 8473\nAPO AP 17586','2024-07-05 19:06:51'),(27,'jennifersawyer','T2Gi^CY(%6','John Smith','jose68@example.com','001-895-237-7294x96598','22435 Michael Forge Suite 754\nLake Andrew, MH 42014','2024-07-05 19:06:51'),(28,'kimberlycurry','_uoW%CNr4+','Lisa Williams','danieldaniels@example.org','381.926.2687x05546','7182 Ochoa Ways\nGillespiefurt, MO 58525','2024-07-05 19:06:51'),(29,'michelle01','*n7U$Pp!jd','Brian James','donald60@example.net','560.217.1996x09628','788 Victoria Curve Apt. 491\nMcdonaldborough, WV 01204','2024-07-05 19:06:51'),(30,'evandoyle','4dm!9DgSBc','Christopher Williams','anna27@example.net','+1-388-819-9567x617','35774 Cook Mountains Suite 227\nSouth Adam, OH 96206','2024-07-05 19:06:51'),(31,'gamblemaria','$E89DcNv5v','Ernest Cook','robinjohnson@example.net','(630)949-0108','PSC 6291, Box 8795\nAPO AE 34112','2024-07-05 19:06:51'),(32,'garciabarbara','+8CLjliCBf','Kevin Wilson','gluna@example.net','001-492-959-9276x4463','29670 Brittany Park\nPerezburgh, MT 48592','2024-07-05 19:06:51'),(33,'qrobinson','Ul#Wu9IJQ_','Marissa Mclean','patriciaknight@example.com','(898)922-9734x2660','01656 Frances Forges Apt. 430\nLake David, NE 84102','2024-07-05 19:06:51'),(34,'franklinchristina','k4PSFoM7_w','Jerry King','smithchristopher@example.org','001-917-688-2814x130','8130 Daniels Camp\nEmmaburgh, WV 34792','2024-07-05 19:06:51'),(35,'steven65','n(3WLEzu+o','Susan Rodgers','kwatson@example.com','001-208-612-7817x0607','3109 Hopkins Point\nNew Kimberly, AS 08104','2024-07-05 19:06:51'),(36,'michael82','+e6ASA0r3f','Caitlyn Mason','turnerjeffrey@example.net','592.397.5030x78429','94047 Stephen Squares Suite 644\nGonzalezmouth, VI 58858','2024-07-05 19:06:51'),(37,'lindaclark','ib9AHIqS&!','Yolanda Roberts','qwalton@example.net','+1-560-634-4186x641','616 Thomas Islands Suite 275\nLauratown, VT 75586','2024-07-05 19:06:51'),(38,'alishajohnson','QNue4Sz4s^','Haley Lopez','ashley69@example.net','7043591892','0714 Tracey Trail\nTommymouth, WA 45115','2024-07-05 19:06:51'),(39,'bryan44','BiQV@5O4w)','Roberto Campbell','pmiddleton@example.net','(317)367-4705','Unit 4964 Box 3144\nDPO AP 91516','2024-07-05 19:06:51'),(40,'pruittrachel','*9FCD&Di^4','Sue Scott','mccoyjohn@example.org','967.691.2390x389','9482 Susan Mountains\nLindseyborough, CO 57947','2024-07-05 19:06:51'),(41,'megansimpson','6FP$ocD1^H','Katherine Kelley','mbrown@example.net','328.290.4612x82889','69642 Peter Stravenue\nSouth Markbury, AR 86024','2024-07-05 19:06:51'),(42,'brooksjames','&1G2p%)nI8','Alexis Schmitt','tammietaylor@example.net','634-839-3623x069','93947 Rebecca Tunnel Apt. 423\nEast James, MI 52475','2024-07-05 19:06:51'),(43,'jenniferwilliams','m_#6aEvS32','Steven Morris','ericclark@example.com','(507)454-7227','24391 Suarez Grove\nBarbaramouth, DC 36870','2024-07-05 19:06:51'),(44,'lisa82','I5Qr*W8t$T','Kimberly Wagner','romeromichelle@example.com','726.980.2632','2049 Peter Port Suite 115\nDavisbury, KY 05185','2024-07-05 19:06:51'),(45,'robertgarcia','#%*g5CZk!a','Christian Reyes Jr.','tonyafox@example.net','935.959.2364x742','5798 Elizabeth Gardens\nNew Justinburgh, VA 99032','2024-07-05 19:06:51'),(46,'nicolebecker','_epOWP2@$3','Mary Wright','joy99@example.net','422.789.7772x63721','07225 Joyce Causeway\nJamesville, WV 45720','2024-07-05 19:06:51'),(47,'thomasashley','&VWSZvQP95','Joshua Powell','rickylawson@example.com','335.648.8932','64214 Denise Parkway\nEast Rachel, VA 89513','2024-07-05 19:06:51'),(48,'stevenbenson','*OpXlmhl!5','Heidi Martinez','johnsonnatalie@example.org','001-929-400-3607x7853','56535 Rice Locks\nCampbellburgh, DC 22900','2024-07-05 19:06:51'),(49,'lauren46','6q!ZoXXl%H','Kevin Nicholson','ncooper@example.org','(402)975-1253x042','8757 Maldonado Manor Suite 215\nSouth Sarahfort, KS 57281','2024-07-05 19:06:51'),(50,'mrobertson','c^3Sw+Qsq3','Edward Douglas','bailey78@example.net','001-638-553-7049x62791','211 Paul Harbors\nKimberlymouth, NM 05227','2024-07-05 19:06:51'),(51,'arich','sc8SO9ZWR#','Christopher Vaughan','lwise@example.com','(455)621-7791x097','2027 Jimmy Parks Apt. 559\nNorth Stevenhaven, OR 51249','2024-07-05 19:06:51'),(52,'perezcory','0N0+AjvVs+','Lee Pierce','ajohnson@example.net','277.942.9522x32737','Unit 5291 Box 8282\nDPO AP 21008','2024-07-05 19:06:51'),(53,'steven83','#5YkEXmzgd','Joshua Miles','deborah93@example.org','438.689.4964','616 Walter Station Suite 806\nWest Renee, CT 47515','2024-07-05 19:06:51'),(54,'hmcbride','+_Pd0v&l^6','Jacqueline Cruz','larry62@example.net','230-944-2390x96167','5000 Clark Squares Suite 336\nDavismouth, PR 55249','2024-07-05 19:06:51'),(55,'gilbertphillip','0w6IA7iZ)f','Scott Hart','taylor63@example.net','(869)270-0973','2218 Eric Prairie\nPort Lucas, SD 81279','2024-07-05 19:06:51'),(56,'lucasmicheal','$uZzSsub3$','Steven Mendez','browngary@example.com','+1-540-849-2372x673','627 Gonzalez Course\nDanielchester, NE 45258','2024-07-05 19:06:51'),(57,'ashlee50',')rqK0F9TP4','Brandon Nichols','ecox@example.org','621.620.9774','1561 Edwin Summit Apt. 787\nPierceland, FL 99156','2024-07-05 19:06:51'),(58,'mikayla80','ow0KOyn9t^','William Bailey','dwatkins@example.org','564-343-7743','733 David Vista\nNorth Hannah, MD 81739','2024-07-05 19:06:51'),(59,'jonathanrichardson','(u1*Z2Nk5h','Taylor Jones','ujones@example.com','912.240.5054x8178','3640 Walker Streets Apt. 935\nJoshuaside, GA 56202','2024-07-05 19:06:51'),(60,'zedwards','D)4RtSX6S0','Meghan Campbell','deborah79@example.net','(674)607-5790','71893 Booth Brook\nLewisberg, MS 24779','2024-07-05 19:06:51'),(61,'fdawson','3OT49FQy_B','Nicole Goodwin','allenpaula@example.org','001-728-707-5168','00580 Miller Ferry\nNew Jessicaville, IN 93834','2024-07-05 19:06:51'),(62,'michael14','(e3QFtc&67','Ryan Gilbert','angelastone@example.org','732-575-2792','205 Sanders Ville\nPort Tylerbury, MH 49767','2024-07-05 19:06:51'),(63,'lopezkathryn','o5UF(D7_+s','Jennifer Walsh','clarkryan@example.com','+1-204-961-7000x02927','3431 Hughes Expressway Suite 237\nSouth Bradview, IA 80767','2024-07-05 19:06:51'),(64,'wjohnston','ou&1DCe&_7','Garrett Patterson','markherring@example.net','289.962.2402x8216','8708 Marsh Ramp\nPort William, TX 97857','2024-07-05 19:06:51'),(65,'timothy60','q4y0UKxT#1','Ryan Foster','carterscott@example.com','844-398-5812','USNS Pittman\nFPO AA 01013','2024-07-05 19:06:51'),(66,'matthewsjack','Z+f6CDt($N','Timothy Lopez','smithtracy@example.org','001-931-304-4750x106','23965 Morris Streets\nMayostad, PR 33413','2024-07-05 19:06:51'),(67,'vtorres','3jQWPm(w+O','Kristen West','dennisluis@example.org','555-269-7828','635 Ramirez Tunnel\nPort Rogerhaven, MO 46161','2024-07-05 19:06:51'),(68,'russellmason','!V(r7OsLj2','Robert Cantu','pachecodavid@example.net','+1-383-448-9338','57957 Peters Junction\nSouth Gregorymouth, MS 04274','2024-07-05 19:06:51'),(69,'chandlerbrian','P+d0jMxb6U','Ashley Montgomery','vcarroll@example.com','+1-400-232-7051x688','5881 King Crest Apt. 092\nStevensview, IN 66974','2024-07-05 19:06:51'),(70,'whitekimberly','kyr*5ELfuh','Timothy Khan','melissa63@example.org','001-745-644-3459x7011','1265 Norma Ports Suite 063\nJenningsberg, MN 91556','2024-07-05 19:06:51'),(71,'torresstephen','s!8EhI&sz@','Jose Thomas','csmith@example.org','586-982-2075x9046','310 Taylor Square Apt. 310\nDoyleborough, SC 19495','2024-07-05 19:06:51'),(72,'zwalker','_HO9Q4JfcU','Brandon Morgan','thorntonsamantha@example.com','9304914429','152 Harris Plains Apt. 149\nNew Thomas, MN 50973','2024-07-05 19:06:51'),(73,'blake33','+)zHJ19p99','Austin Cruz','halekristin@example.net','(705)452-8063x2350','430 Boyer Mall Suite 771\nBarrettbury, GA 91056','2024-07-05 19:06:51'),(74,'andrew62','ir4UDvyP!Q','Lori Lopez','zwright@example.com','882-408-8420','9326 Jessica Camp\nMurrayfort, DE 90952','2024-07-05 19:06:51'),(75,'qedwards','Y3K)%)np@q','Rachel Taylor','whall@example.net','001-783-893-1857x22298','055 Brandon Stream Apt. 124\nNorth Theodorefort, NY 16682','2024-07-05 19:06:51'),(76,'martinjustin','!9_NxSuN(*','Melinda Butler','robertoliver@example.com','(591)578-7886x64248','71926 Oconnell Gardens Apt. 491\nLake Anthonyville, WI 07904','2024-07-05 19:06:51'),(77,'kthompson','P$VZh2l!!1','Brandy Becker','qthomas@example.org','001-961-579-5515x53556','283 Kennedy Underpass Apt. 134\nLake Benjamin, WY 46190','2024-07-05 19:06:51'),(78,'orozcojohn','&25eTBRs3Z','Ann Mcdonald','hjenkins@example.net','001-717-658-9447x53139','5456 Jacob Spur\nAllenton, WV 56713','2024-07-05 19:06:51'),(79,'mlopez','0cn!@HSx(r','Cynthia White','nortonjoshua@example.com','+1-785-870-5643x877','7680 Johnson Shore\nLake Robin, MO 06201','2024-07-05 19:06:51'),(80,'melanieholmes','47Itn5#N(4','Eric Munoz','brittanygonzalez@example.net','001-552-429-1086','Unit 1294 Box 7776\nDPO AP 88336','2024-07-05 19:06:51'),(81,'herickson','$v)kvlIJm3','Amanda Palmer','nicholas58@example.com','001-336-660-8020','6759 Morales Mills Suite 075\nPort Chelseafort, NY 89472','2024-07-05 19:06:51'),(82,'duransarah','j4Ghy&x_^$','Brianna Carter','haleymichele@example.com','770.203.8679x8668','USNS Weaver\nFPO AP 41227','2024-07-05 19:06:51'),(83,'alejandrahodges','ol$B50DhJQ','Matthew Ruiz','jeffrey20@example.com','937-520-3094x3729','02138 Elliott Crest\nNorth Erika, UT 88308','2024-07-05 19:06:51'),(84,'kempbrian','_r3C8#dv#5','Carl Tanner','lawsonmichele@example.net','3414151726','1825 Bethany Shoal Apt. 151\nJosephmouth, GU 99701','2024-07-05 19:06:51'),(85,'tylerhernandez','07Qj*lU3^F','Steven Jones','sharon75@example.com','+1-409-423-4746','8017 Bonnie Gateway\nNorth Brian, NV 26776','2024-07-05 19:06:51'),(86,'mercerjustin','gSeD*dyz(0','Michael Rich','arianalong@example.net','+1-761-829-8759','3597 Hernandez Ville Suite 807\nLarsontown, IN 47951','2024-07-05 19:06:51'),(87,'thomaspatterson','9v+sW9Zj+0','Valerie Blankenship','smithkristen@example.net','5442848903','769 Delacruz Underpass\nWest Michelle, WA 72936','2024-07-05 19:06:51'),(88,'darrenjohnson','$Z!9A$djY2','Paul Allen','loganbrown@example.net','001-874-842-6940x824','230 Tamara Crescent Suite 075\nJacobsonton, MH 25887','2024-07-05 19:06:51'),(89,'tommymoore','_7JCgxR3As','Scott Martinez','garciaanthony@example.com','392-608-2285x1688','0773 Myers Harbors Suite 030\nSouth Tarafurt, MH 20964','2024-07-05 19:06:51'),(90,'sanchezjames','(SMP^ZYm0A','Brendan Edwards','lauralowe@example.net','001-857-482-9039x21896','824 Stewart Valleys\nNew Brandy, OR 31750','2024-07-05 19:06:51'),(91,'jasmine07','YC#9LAEewq','Robin Mills','kristopher06@example.net','001-611-633-2257x939','509 Kimberly Trafficway\nWest Rachelberg, FL 93846','2024-07-05 19:06:51'),(92,'dixonnatalie','5J#26OZtv+','Ariana Camacho','marksmatthew@example.net','(792)786-1760','494 Miller Village Suite 765\nThomasbury, AZ 24810','2024-07-05 19:06:51'),(93,'lisa60','fOV3b@Gp!3','Sherri Roberts','jeffersonlinda@example.org','(690)757-8842','424 Edward Center\nKarenside, MA 91084','2024-07-05 19:06:51'),(94,'tyler96','^yV0RmF_0(','Richard Frazier','benderrichard@example.com','+1-988-450-2053x046','8100 Mcmillan Inlet\nShawnland, AS 58134','2024-07-05 19:06:51'),(95,'lindsey30','NBB@u2yR%@','Natasha Hill','robertwhite@example.org','(520)929-3179x6565','9422 Stephanie Squares Suite 586\nRiverastad, AL 20356','2024-07-05 19:06:51'),(96,'kevin24','WQ$6MFDt@1','Christopher Wolfe','david13@example.org','278-834-8736x681','12146 Love Oval\nCarrilloview, NH 71429','2024-07-05 19:06:51'),(97,'hernandezdarryl','B5GYGrdv!(','Anne Burns','kelseygonzalez@example.com','(801)603-3449','84158 Angela Cove\nNew Jackieville, PR 29856','2024-07-05 19:06:51'),(98,'mcdonaldmary','*3AqqCMwO7','Lisa Gonzalez','youngchristine@example.net','951.315.9127','31516 Philip Road\nWest Scott, KS 63532','2024-07-05 19:06:51'),(99,'tgomez','Ai$qMVtI$3','Robin Haney','nancy91@example.com','+1-298-429-7287x7337','822 Cooper Springs\nLake Justinbury, TN 32041','2024-07-05 19:06:51'),(100,'zachary06','$IG!2YJc1O','Brandon Hoffman','jmendez@example.org','491-984-7036','08873 Thompson Ferry\nChambersstad, WY 27797','2024-07-05 19:06:51');
/*!40000 ALTER TABLE `users` ENABLE KEYS */;
UNLOCK TABLES;
/*!40103 SET TIME_ZONE=@OLD_TIME_ZONE */;

/*!40101 SET SQL_MODE=@OLD_SQL_MODE */;
/*!40014 SET FOREIGN_KEY_CHECKS=@OLD_FOREIGN_KEY_CHECKS */;
/*!40014 SET UNIQUE_CHECKS=@OLD_UNIQUE_CHECKS */;
/*!40101 SET CHARACTER_SET_CLIENT=@OLD_CHARACTER_SET_CLIENT */;
/*!40101 SET CHARACTER_SET_RESULTS=@OLD_CHARACTER_SET_RESULTS */;
/*!40101 SET COLLATION_CONNECTION=@OLD_COLLATION_CONNECTION */;
/*!40111 SET SQL_NOTES=@OLD_SQL_NOTES */;

-- Dump completed on 2024-07-06  3:57:05
